condition,site,wildtype,mutation,mut_escape,site_total_escape,site_max_escape
Admix-8b,331,N,K,0.00451,0.06548,0.02057
Admix-8b,331,N,L,0.01294,0.06548,0.02057
Admix-8b,331,N,R,0.008211,0.06548,0.02057
Admix-8b,331,N,T,0.009999,0.06548,0.02057
Admix-8b,331,N,V,0.009251,0.06548,0.02057
Admix-8b,331,N,Y,0.02057,0.06548,0.02057
Admix-8b,332,I,E,0.03333,0.1545,0.05465
Admix-8b,332,I,H,0.02003,0.1545,0.05465
Admix-8b,332,I,S,0.04648,0.1545,0.05465
Admix-8b,332,I,W,0.05465,0.1545,0.05465
Admix-8b,333,T,A,0.01118,0.1501,0.04486
Admix-8b,333,T,C,0.02574,0.1501,0.04486
Admix-8b,333,T,D,0.006893,0.1501,0.04486
Admix-8b,333,T,E,0.01116,0.1501,0.04486
Admix-8b,333,T,F,0.001457,0.1501,0.04486
Admix-8b,333,T,L,0.01213,0.1501,0.04486
Admix-8b,333,T,M,0.01749,0.1501,0.04486
Admix-8b,333,T,S,0.04486,0.1501,0.04486
Admix-8b,333,T,Y,0.01916,0.1501,0.04486
Admix-8b,334,N,R,0.05082,0.1177,0.05082
Admix-8b,334,N,S,0.02979,0.1177,0.05082
Admix-8b,334,N,T,0.02508,0.1177,0.05082
Admix-8b,334,N,V,0.01203,0.1177,0.05082
Admix-8b,335,L,C,0.03011,0.2093,0.0404
Admix-8b,335,L,D,0.0404,0.2093,0.0404
Admix-8b,335,L,E,0.02385,0.2093,0.0404
Admix-8b,335,L,K,0.03087,0.2093,0.0404
Admix-8b,335,L,N,0.00563,0.2093,0.0404
Admix-8b,335,L,P,0.03604,0.2093,0.0404
Admix-8b,335,L,T,0.007833,0.2093,0.0404
Admix-8b,335,L,Y,0.03454,0.2093,0.0404
Admix-8b,337,P,A,0.02695,0.2941,0.05985
Admix-8b,337,P,C,0.03048,0.2941,0.05985
Admix-8b,337,P,H,0.04138,0.2941,0.05985
Admix-8b,337,P,K,0.02456,0.2941,0.05985
Admix-8b,337,P,Q,0.03644,0.2941,0.05985
Admix-8b,337,P,S,0.03401,0.2941,0.05985
Admix-8b,337,P,T,0.05985,0.2941,0.05985
Admix-8b,337,P,Y,0.04041,0.2941,0.05985
Admix-8b,339,G,C,0.0321,0.09338,0.03737
Admix-8b,339,G,E,0.0239,0.09338,0.03737
Admix-8b,339,G,V,0.03737,0.09338,0.03737
Admix-8b,340,E,A,0.03066,0.2077,0.04334
Admix-8b,340,E,I,0.04287,0.2077,0.04334
Admix-8b,340,E,L,0.0399,0.2077,0.04334
Admix-8b,340,E,N,0.03048,0.2077,0.04334
Admix-8b,340,E,P,0.02042,0.2077,0.04334
Admix-8b,340,E,V,0.04334,0.2077,0.04334
Admix-8b,344,A,S,0.03998,0.03998,0.03998
Admix-8b,345,T,E,0.0226,0.1036,0.03015
Admix-8b,345,T,P,0.03,0.1036,0.03015
Admix-8b,345,T,R,0.03015,0.1036,0.03015
Admix-8b,345,T,S,0.02089,0.1036,0.03015
Admix-8b,346,R,F,0.02597,0.2662,0.05788
Admix-8b,346,R,G,0.05788,0.2662,0.05788
Admix-8b,346,R,L,0.03127,0.2662,0.05788
Admix-8b,346,R,M,0.03059,0.2662,0.05788
Admix-8b,346,R,Q,0.0316,0.2662,0.05788
Admix-8b,346,R,S,0.04265,0.2662,0.05788
Admix-8b,346,R,W,0.04628,0.2662,0.05788
Admix-8b,347,F,W,0.02441,0.02441,0.02441
Admix-8b,348,A,D,0.0422,0.1335,0.06066
Admix-8b,348,A,F,0.03066,0.1335,0.06066
Admix-8b,348,A,N,0.06066,0.1335,0.06066
Admix-8b,349,S,N,0.03765,0.05648,0.03765
Admix-8b,349,S,P,0.01883,0.05648,0.03765
Admix-8b,351,Y,H,0.05003,0.07265,0.05003
Admix-8b,351,Y,W,0.02262,0.07265,0.05003
Admix-8b,352,A,C,0.03821,0.1419,0.07452
Admix-8b,352,A,E,0.07452,0.1419,0.07452
Admix-8b,352,A,S,0.02916,0.1419,0.07452
Admix-8b,354,N,A,0.04796,0.1984,0.05059
Admix-8b,354,N,C,0.05059,0.1984,0.05059
Admix-8b,354,N,G,0.01956,0.1984,0.05059
Admix-8b,354,N,Q,0.01854,0.1984,0.05059
Admix-8b,354,N,R,0.02634,0.1984,0.05059
Admix-8b,354,N,S,0.03537,0.1984,0.05059
Admix-8b,356,K,A,0.02201,0.251,0.07437
Admix-8b,356,K,E,0.03446,0.251,0.07437
Admix-8b,356,K,Q,0.03659,0.251,0.07437
Admix-8b,356,K,R,0.03203,0.251,0.07437
Admix-8b,356,K,S,0.0515,0.251,0.07437
Admix-8b,356,K,T,0.07437,0.251,0.07437
Admix-8b,357,R,D,0.07172,0.1602,0.08846
Admix-8b,357,R,N,0.08846,0.1602,0.08846
Admix-8b,358,I,W,0.0318,0.06164,0.0318
Admix-8b,358,I,Y,0.02984,0.06164,0.0318
Admix-8b,360,N,A,0.05682,0.2684,0.05682
Admix-8b,360,N,H,0.05082,0.2684,0.05682
Admix-8b,360,N,M,0.05193,0.2684,0.05682
Admix-8b,360,N,R,0.03252,0.2684,0.05682
Admix-8b,360,N,T,0.03061,0.2684,0.05682
Admix-8b,360,N,W,0.04565,0.2684,0.05682
Admix-8b,362,V,A,0.0389,0.5178,0.07865
Admix-8b,362,V,C,0.07865,0.5178,0.07865
Admix-8b,362,V,D,0.03485,0.5178,0.07865
Admix-8b,362,V,F,0.0367,0.5178,0.07865
Admix-8b,362,V,G,0.0784,0.5178,0.07865
Admix-8b,362,V,I,0.03631,0.5178,0.07865
Admix-8b,362,V,L,0.03427,0.5178,0.07865
Admix-8b,362,V,R,0.03711,0.5178,0.07865
Admix-8b,362,V,S,0.07344,0.5178,0.07865
Admix-8b,362,V,T,0.03355,0.5178,0.07865
Admix-8b,362,V,W,0.03566,0.5178,0.07865
Admix-8b,363,A,L,0.0387,0.0387,0.0387
Admix-8b,364,D,E,0.03065,0.03065,0.03065
Admix-8b,365,Y,I,0.04256,0.06048,0.04256
Admix-8b,365,Y,W,0.01792,0.06048,0.04256
Admix-8b,366,S,D,0.03661,0.1815,0.05308
Admix-8b,366,S,E,0.009335,0.1815,0.05308
Admix-8b,366,S,H,0.05308,0.1815,0.05308
Admix-8b,366,S,Q,0.04467,0.1815,0.05308
Admix-8b,366,S,T,0.005029,0.1815,0.05308
Admix-8b,366,S,W,0.03278,0.1815,0.05308
Admix-8b,367,V,D,0.003679,0.1407,0.03843
Admix-8b,367,V,I,0.0248,0.1407,0.03843
Admix-8b,367,V,K,0.03673,0.1407,0.03843
Admix-8b,367,V,M,0.03843,0.1407,0.03843
Admix-8b,367,V,Q,0.03708,0.1407,0.03843
Admix-8b,368,L,M,0.039,0.039,0.039
Admix-8b,369,Y,H,0.05127,0.3611,0.07319
Admix-8b,369,Y,I,0.07319,0.3611,0.07319
Admix-8b,369,Y,K,0.03578,0.3611,0.07319
Admix-8b,369,Y,L,0.02764,0.3611,0.07319
Admix-8b,369,Y,M,0.03355,0.3611,0.07319
Admix-8b,369,Y,P,0.05054,0.3611,0.07319
Admix-8b,369,Y,R,0.01771,0.3611,0.07319
Admix-8b,369,Y,T,0.02691,0.3611,0.07319
Admix-8b,369,Y,V,0.04446,0.3611,0.07319
Admix-8b,370,N,G,0.01457,0.09057,0.04601
Admix-8b,370,N,L,0.04601,0.09057,0.04601
Admix-8b,370,N,Y,0.02999,0.09057,0.04601
Admix-8b,371,S,E,0.01714,0.2098,0.07015
Admix-8b,371,S,F,0.04777,0.2098,0.07015
Admix-8b,371,S,I,0.03348,0.2098,0.07015
Admix-8b,371,S,R,0.07015,0.2098,0.07015
Admix-8b,371,S,T,0.04125,0.2098,0.07015
Admix-8b,372,A,I,0.03942,0.2293,0.06098
Admix-8b,372,A,L,0.01856,0.2293,0.06098
Admix-8b,372,A,M,0.03963,0.2293,0.06098
Admix-8b,372,A,P,0.0175,0.2293,0.06098
Admix-8b,372,A,R,0.03067,0.2293,0.06098
Admix-8b,372,A,T,0.06098,0.2293,0.06098
Admix-8b,372,A,W,0.02257,0.2293,0.06098
Admix-8b,373,S,A,0.02154,0.142,0.02996
Admix-8b,373,S,D,0.02996,0.142,0.02996
Admix-8b,373,S,E,0.01613,0.142,0.02996
Admix-8b,373,S,I,0.02922,0.142,0.02996
Admix-8b,373,S,M,0.01872,0.142,0.02996
Admix-8b,373,S,V,0.02647,0.142,0.02996
Admix-8b,374,F,H,0.04124,0.1145,0.04124
Admix-8b,374,F,M,0.02075,0.1145,0.04124
Admix-8b,374,F,W,0.02568,0.1145,0.04124
Admix-8b,374,F,Y,0.02687,0.1145,0.04124
Admix-8b,375,S,E,0.01754,0.1082,0.03374
Admix-8b,375,S,G,0.03374,0.1082,0.03374
Admix-8b,375,S,N,0.02892,0.1082,0.03374
Admix-8b,375,S,T,0.02798,0.1082,0.03374
Admix-8b,376,T,C,0.01979,0.318,0.04832
Admix-8b,376,T,D,0.04713,0.318,0.04832
Admix-8b,376,T,N,0.01547,0.318,0.04832
Admix-8b,376,T,Q,0.04832,0.318,0.04832
Admix-8b,376,T,R,0.02558,0.318,0.04832
Admix-8b,376,T,S,0.04142,0.318,0.04832
Admix-8b,376,T,V,0.04783,0.318,0.04832
Admix-8b,376,T,W,0.02562,0.318,0.04832
Admix-8b,376,T,Y,0.0468,0.318,0.04832
Admix-8b,377,F,L,0.02533,0.05633,0.031
Admix-8b,377,F,M,0.031,0.05633,0.031
Admix-8b,378,K,C,0.0394,0.2051,0.04102
Admix-8b,378,K,D,0.03202,0.2051,0.04102
Admix-8b,378,K,I,0.0326,0.2051,0.04102
Admix-8b,378,K,M,0.03357,0.2051,0.04102
Admix-8b,378,K,Q,0.02654,0.2051,0.04102
Admix-8b,378,K,T,0.04102,0.2051,0.04102
Admix-8b,380,Y,F,0.03048,0.05618,0.03048
Admix-8b,380,Y,W,0.0257,0.05618,0.03048
Admix-8b,381,G,K,0.08057,0.1197,0.08057
Admix-8b,381,G,Q,0.03918,0.1197,0.08057
Admix-8b,382,V,C,0.0455,0.2106,0.0734
Admix-8b,382,V,F,0.02735,0.2106,0.0734
Admix-8b,382,V,L,0.009411,0.2106,0.0734
Admix-8b,382,V,W,0.0734,0.2106,0.0734
Admix-8b,382,V,Y,0.05492,0.2106,0.0734
Admix-8b,383,S,A,0.02221,0.2506,0.05258
Admix-8b,383,S,D,0.04684,0.2506,0.05258
Admix-8b,383,S,G,0.02465,0.2506,0.05258
Admix-8b,383,S,L,0.03392,0.2506,0.05258
Admix-8b,383,S,N,0.03051,0.2506,0.05258
Admix-8b,383,S,Q,0.03993,0.2506,0.05258
Admix-8b,383,S,Y,0.05258,0.2506,0.05258
Admix-8b,384,P,A,0.02774,0.2367,0.07123
Admix-8b,384,P,F,0.04073,0.2367,0.07123
Admix-8b,384,P,K,0.07123,0.2367,0.07123
Admix-8b,384,P,Q,0.02774,0.2367,0.07123
Admix-8b,384,P,S,0.02237,0.2367,0.07123
Admix-8b,384,P,T,0.01309,0.2367,0.07123
Admix-8b,384,P,W,0.0338,0.2367,0.07123
Admix-8b,385,T,E,0.03104,0.2592,0.04416
Admix-8b,385,T,I,0.02881,0.2592,0.04416
Admix-8b,385,T,L,0.02821,0.2592,0.04416
Admix-8b,385,T,P,0.04416,0.2592,0.04416
Admix-8b,385,T,R,0.04215,0.2592,0.04416
Admix-8b,385,T,S,0.0248,0.2592,0.04416
Admix-8b,385,T,W,0.04172,0.2592,0.04416
Admix-8b,385,T,Y,0.01829,0.2592,0.04416
Admix-8b,386,K,N,0.03674,0.1957,0.04973
Admix-8b,386,K,R,0.03553,0.1957,0.04973
Admix-8b,386,K,T,0.03876,0.1957,0.04973
Admix-8b,386,K,V,0.04973,0.1957,0.04973
Admix-8b,386,K,Y,0.03496,0.1957,0.04973
Admix-8b,387,L,W,0.03133,0.03133,0.03133
Admix-8b,388,N,C,0.02992,0.1937,0.04352
Admix-8b,388,N,E,0.0248,0.1937,0.04352
Admix-8b,388,N,H,0.03581,0.1937,0.04352
Admix-8b,388,N,I,0.04352,0.1937,0.04352
Admix-8b,388,N,L,0.0294,0.1937,0.04352
Admix-8b,388,N,Q,0.0302,0.1937,0.04352
Admix-8b,389,D,E,0.02533,0.1312,0.04838
Admix-8b,389,D,G,0.02365,0.1312,0.04838
Admix-8b,389,D,H,0.01836,0.1312,0.04838
Admix-8b,389,D,S,0.01545,0.1312,0.04838
Admix-8b,389,D,W,0.04838,0.1312,0.04838
Admix-8b,390,L,C,0.03016,0.3622,0.08322
Admix-8b,390,L,D,0.04114,0.3622,0.08322
Admix-8b,390,L,E,0.04188,0.3622,0.08322
Admix-8b,390,L,H,0.04407,0.3622,0.08322
Admix-8b,390,L,K,0.05692,0.3622,0.08322
Admix-8b,390,L,M,0.007371,0.3622,0.08322
Admix-8b,390,L,R,0.05748,0.3622,0.08322
Admix-8b,390,L,T,0.08322,0.3622,0.08322
Admix-8b,392,F,L,0.0544,0.1818,0.05469
Admix-8b,392,F,Q,0.05469,0.1818,0.05469
Admix-8b,392,F,S,0.03791,0.1818,0.05469
Admix-8b,392,F,T,0.03481,0.1818,0.05469
Admix-8b,393,T,C,0.06161,0.2666,0.06319
Admix-8b,393,T,D,0.05545,0.2666,0.06319
Admix-8b,393,T,G,0.04786,0.2666,0.06319
Admix-8b,393,T,H,0.03854,0.2666,0.06319
Admix-8b,393,T,L,0.06319,0.2666,0.06319
Admix-8b,394,N,A,0.05665,0.1821,0.07429
Admix-8b,394,N,H,0.009409,0.1821,0.07429
Admix-8b,394,N,P,0.07429,0.1821,0.07429
Admix-8b,394,N,T,0.04172,0.1821,0.07429
Admix-8b,395,V,I,0.02375,0.05707,0.03332
Admix-8b,395,V,L,0.03332,0.05707,0.03332
Admix-8b,396,Y,H,0.03114,0.1072,0.03852
Admix-8b,396,Y,I,0.03852,0.1072,0.03852
Admix-8b,396,Y,W,0.03757,0.1072,0.03852
Admix-8b,402,I,C,0.03816,0.09471,0.03816
Admix-8b,402,I,L,0.02119,0.09471,0.03816
Admix-8b,402,I,V,0.03536,0.09471,0.03816
Admix-8b,403,R,M,0.04407,0.04407,0.04407
Admix-8b,405,D,C,0.0227,0.1596,0.03486
Admix-8b,405,D,E,0.02854,0.1596,0.03486
Admix-8b,405,D,G,0.01958,0.1596,0.03486
Admix-8b,405,D,I,0.008078,0.1596,0.03486
Admix-8b,405,D,L,0.005285,0.1596,0.03486
Admix-8b,405,D,N,0.03091,0.1596,0.03486
Admix-8b,405,D,R,0.009665,0.1596,0.03486
Admix-8b,405,D,V,0.03486,0.1596,0.03486
Admix-8b,406,E,D,0.04547,0.1011,0.04547
Admix-8b,406,E,Q,0.04372,0.1011,0.04547
Admix-8b,406,E,W,0.01193,0.1011,0.04547
Admix-8b,407,V,M,0.01089,0.01089,0.01089
Admix-8b,408,R,C,0.02915,0.2455,0.0587
Admix-8b,408,R,E,0.0587,0.2455,0.0587
Admix-8b,408,R,G,0.02091,0.2455,0.0587
Admix-8b,408,R,K,0.03141,0.2455,0.0587
Admix-8b,408,R,L,0.03513,0.2455,0.0587
Admix-8b,408,R,Q,0.01798,0.2455,0.0587
Admix-8b,408,R,S,0.03198,0.2455,0.0587
Admix-8b,408,R,Y,0.02021,0.2455,0.0587
Admix-8b,411,A,E,0.01381,0.06832,0.0292
Admix-8b,411,A,G,0.02531,0.06832,0.0292
Admix-8b,411,A,Q,0.0292,0.06832,0.0292
Admix-8b,413,G,C,0.04645,0.2325,0.04645
Admix-8b,413,G,D,0.02498,0.2325,0.04645
Admix-8b,413,G,F,0.01883,0.2325,0.04645
Admix-8b,413,G,H,0.03352,0.2325,0.04645
Admix-8b,413,G,M,0.02949,0.2325,0.04645
Admix-8b,413,G,Q,0.03462,0.2325,0.04645
Admix-8b,413,G,T,0.04464,0.2325,0.04645
Admix-8b,414,Q,C,0.02794,0.1199,0.04383
Admix-8b,414,Q,K,0.04383,0.1199,0.04383
Admix-8b,414,Q,S,0.02476,0.1199,0.04383
Admix-8b,414,Q,V,0.0234,0.1199,0.04383
Admix-8b,415,T,A,0.02938,0.1862,0.02987
Admix-8b,415,T,C,0.02545,0.1862,0.02987
Admix-8b,415,T,D,0.02877,0.1862,0.02987
Admix-8b,415,T,R,0.02038,0.1862,0.02987
Admix-8b,415,T,V,0.02987,0.1862,0.02987
Admix-8b,415,T,W,0.02925,0.1862,0.02987
Admix-8b,415,T,Y,0.02311,0.1862,0.02987
Admix-8b,417,N,D,0.02387,0.1368,0.03193
Admix-8b,417,N,E,0.02139,0.1368,0.03193
Admix-8b,417,N,F,0.02517,0.1368,0.03193
Admix-8b,417,N,G,0.03114,0.1368,0.03193
Admix-8b,417,N,Q,0.03193,0.1368,0.03193
Admix-8b,417,N,R,0.003296,0.1368,0.03193
Admix-8b,418,I,V,0.02568,0.02568,0.02568
Admix-8b,419,A,P,0.03124,0.03124,0.03124
Admix-8b,421,Y,M,0.02957,0.0592,0.02963
Admix-8b,421,Y,W,0.02963,0.0592,0.02963
Admix-8b,427,D,A,0.02414,0.1488,0.05884
Admix-8b,427,D,N,0.05884,0.1488,0.05884
Admix-8b,427,D,Q,0.04174,0.1488,0.05884
Admix-8b,427,D,W,0.02404,0.1488,0.05884
Admix-8b,428,D,C,0.07122,0.7225,0.09275
Admix-8b,428,D,E,0.04963,0.7225,0.09275
Admix-8b,428,D,G,0.06973,0.7225,0.09275
Admix-8b,428,D,H,0.06429,0.7225,0.09275
Admix-8b,428,D,K,0.05962,0.7225,0.09275
Admix-8b,428,D,M,0.04664,0.7225,0.09275
Admix-8b,428,D,N,0.09275,0.7225,0.09275
Admix-8b,428,D,Q,0.04471,0.7225,0.09275
Admix-8b,428,D,R,0.05412,0.7225,0.09275
Admix-8b,428,D,S,0.05304,0.7225,0.09275
Admix-8b,428,D,W,0.03873,0.7225,0.09275
Admix-8b,428,D,Y,0.07798,0.7225,0.09275
Admix-8b,430,T,A,0.02675,0.2176,0.05268
Admix-8b,430,T,C,0.03822,0.2176,0.05268
Admix-8b,430,T,L,0.0228,0.2176,0.05268
Admix-8b,430,T,Q,0.04424,0.2176,0.05268
Admix-8b,430,T,V,0.0329,0.2176,0.05268
Admix-8b,430,T,Y,0.05268,0.2176,0.05268
Admix-8b,434,I,C,0.04132,0.08155,0.04132
Admix-8b,434,I,W,0.04023,0.08155,0.04132
Admix-8b,438,S,T,0.04484,0.04484,0.04484
Admix-8b,439,N,C,0.02004,0.02004,0.02004
Admix-8b,440,N,A,0.04134,0.2956,0.05053
Admix-8b,440,N,D,0.02139,0.2956,0.05053
Admix-8b,440,N,G,0.04901,0.2956,0.05053
Admix-8b,440,N,H,0.02384,0.2956,0.05053
Admix-8b,440,N,L,0.05053,0.2956,0.05053
Admix-8b,440,N,M,0.0161,0.2956,0.05053
Admix-8b,440,N,Q,0.04349,0.2956,0.05053
Admix-8b,440,N,T,0.02409,0.2956,0.05053
Admix-8b,440,N,V,0.02576,0.2956,0.05053
Admix-8b,441,L,N,0.0279,0.0754,0.03467
Admix-8b,441,L,S,0.03467,0.0754,0.03467
Admix-8b,441,L,T,0.01282,0.0754,0.03467
Admix-8b,443,S,A,0.01605,0.07684,0.03573
Admix-8b,443,S,C,0.03573,0.07684,0.03573
Admix-8b,443,S,G,0.02506,0.07684,0.03573
Admix-8b,444,K,C,0.03808,0.1239,0.03808
Admix-8b,444,K,H,0.02606,0.1239,0.03808
Admix-8b,444,K,I,0.03325,0.1239,0.03808
Admix-8b,444,K,S,0.0265,0.1239,0.03808
Admix-8b,445,V,M,0.03261,0.1217,0.04955
Admix-8b,445,V,T,0.003798,0.1217,0.04955
Admix-8b,445,V,W,0.04955,0.1217,0.04955
Admix-8b,445,V,Y,0.03575,0.1217,0.04955
Admix-8b,446,G,D,0.05415,0.1938,0.05415
Admix-8b,446,G,M,0.02628,0.1938,0.05415
Admix-8b,446,G,N,0.02984,0.1938,0.05415
Admix-8b,446,G,P,0.02049,0.1938,0.05415
Admix-8b,446,G,R,0.02774,0.1938,0.05415
Admix-8b,446,G,T,0.03528,0.1938,0.05415
Admix-8b,447,G,D,0.04551,0.1471,0.05067
Admix-8b,447,G,M,0.02466,0.1471,0.05067
Admix-8b,447,G,Q,0.05067,0.1471,0.05067
Admix-8b,447,G,V,0.02621,0.1471,0.05067
Admix-8b,448,N,A,0.01616,0.1047,0.0404
Admix-8b,448,N,D,0.02069,0.1047,0.0404
Admix-8b,448,N,K,0.0404,0.1047,0.0404
Admix-8b,448,N,Q,0.02747,0.1047,0.0404
Admix-8b,449,Y,A,0.03405,0.144,0.04886
Admix-8b,449,Y,F,0.04886,0.144,0.04886
Admix-8b,449,Y,N,0.03718,0.144,0.04886
Admix-8b,449,Y,V,0.02394,0.144,0.04886
Admix-8b,450,N,A,0.003883,0.05416,0.0301
Admix-8b,450,N,E,0.02018,0.05416,0.0301
Admix-8b,450,N,S,0.0301,0.05416,0.0301
Admix-8b,451,Y,F,0.02652,0.05106,0.02652
Admix-8b,451,Y,L,0.02454,0.05106,0.02652
Admix-8b,452,L,C,0.03281,0.2575,0.06694
Admix-8b,452,L,F,0.04273,0.2575,0.06694
Admix-8b,452,L,H,0.04041,0.2575,0.06694
Admix-8b,452,L,I,0.03103,0.2575,0.06694
Admix-8b,452,L,M,0.0436,0.2575,0.06694
Admix-8b,452,L,Y,0.06694,0.2575,0.06694
Admix-8b,453,Y,K,0.01577,0.03244,0.01667
Admix-8b,453,Y,W,0.01667,0.03244,0.01667
Admix-8b,455,L,C,0.01164,0.0999,0.02334
Admix-8b,455,L,G,0.0176,0.0999,0.02334
Admix-8b,455,L,H,0.02334,0.0999,0.02334
Admix-8b,455,L,P,0.02095,0.0999,0.02334
Admix-8b,455,L,Q,0.009961,0.0999,0.02334
Admix-8b,455,L,R,0.01217,0.0999,0.02334
Admix-8b,455,L,W,0.004253,0.0999,0.02334
Admix-8b,456,F,C,0.07094,0.2269,0.07094
Admix-8b,456,F,K,0.01552,0.2269,0.07094
Admix-8b,456,F,N,0.03114,0.2269,0.07094
Admix-8b,456,F,S,0.06809,0.2269,0.07094
Admix-8b,456,F,V,0.04121,0.2269,0.07094
Admix-8b,458,K,F,0.02186,0.1031,0.04912
Admix-8b,458,K,L,0.01037,0.1031,0.04912
Admix-8b,458,K,Q,0.04912,0.1031,0.04912
Admix-8b,458,K,W,0.0218,0.1031,0.04912
Admix-8b,460,N,E,0.02899,0.1476,0.03398
Admix-8b,460,N,F,0.009021,0.1476,0.03398
Admix-8b,460,N,G,0.02733,0.1476,0.03398
Admix-8b,460,N,L,0.02191,0.1476,0.03398
Admix-8b,460,N,M,0.03398,0.1476,0.03398
Admix-8b,460,N,S,0.02631,0.1476,0.03398
Admix-8b,461,L,I,0.02241,0.02241,0.02241
Admix-8b,462,K,F,0.02637,0.2182,0.04408
Admix-8b,462,K,G,0.03564,0.2182,0.04408
Admix-8b,462,K,I,0.03411,0.2182,0.04408
Admix-8b,462,K,L,0.04324,0.2182,0.04408
Admix-8b,462,K,N,0.03477,0.2182,0.04408
Admix-8b,462,K,T,0.04408,0.2182,0.04408
Admix-8b,464,F,H,0.03526,0.1449,0.04109
Admix-8b,464,F,L,0.01899,0.1449,0.04109
Admix-8b,464,F,M,0.02001,0.1449,0.04109
Admix-8b,464,F,N,0.04109,0.1449,0.04109
Admix-8b,464,F,Y,0.02954,0.1449,0.04109
Admix-8b,465,E,A,0.03467,0.03467,0.03467
Admix-8b,466,R,K,0.06745,0.06745,0.06745
Admix-8b,468,I,A,0.05789,0.05789,0.05789
Admix-8b,469,S,D,0.04586,0.117,0.05109
Admix-8b,469,S,Q,0.05109,0.117,0.05109
Admix-8b,469,S,T,0.02009,0.117,0.05109
Admix-8b,470,T,C,0.02892,0.219,0.07174
Admix-8b,470,T,F,0.01281,0.219,0.07174
Admix-8b,470,T,K,0.07174,0.219,0.07174
Admix-8b,470,T,Q,0.04261,0.219,0.07174
Admix-8b,470,T,S,0.04479,0.219,0.07174
Admix-8b,470,T,W,0.009486,0.219,0.07174
Admix-8b,470,T,Y,0.008652,0.219,0.07174
Admix-8b,471,E,A,0.02983,0.1313,0.05995
Admix-8b,471,E,D,0.05995,0.1313,0.05995
Admix-8b,471,E,G,0.01143,0.1313,0.05995
Admix-8b,471,E,I,0.03006,0.1313,0.05995
Admix-8b,472,I,D,0.02052,0.1389,0.03595
Admix-8b,472,I,H,0.02825,0.1389,0.03595
Admix-8b,472,I,N,0.03306,0.1389,0.03595
Admix-8b,472,I,Q,0.02116,0.1389,0.03595
Admix-8b,472,I,W,0.03595,0.1389,0.03595
Admix-8b,473,Y,C,0.03927,0.1363,0.03927
Admix-8b,473,Y,F,0.01324,0.1363,0.03927
Admix-8b,473,Y,H,0.02383,0.1363,0.03927
Admix-8b,473,Y,I,0.006624,0.1363,0.03927
Admix-8b,473,Y,T,0.02793,0.1363,0.03927
Admix-8b,473,Y,V,0.02538,0.1363,0.03927
Admix-8b,474,Q,A,0.03362,0.2306,0.04917
Admix-8b,474,Q,C,0.04917,0.2306,0.04917
Admix-8b,474,Q,E,0.04895,0.2306,0.04917
Admix-8b,474,Q,N,0.02516,0.2306,0.04917
Admix-8b,474,Q,P,0.03794,0.2306,0.04917
Admix-8b,474,Q,R,0.02036,0.2306,0.04917
Admix-8b,474,Q,T,0.0154,0.2306,0.04917
Admix-8b,475,A,C,0.03685,0.1279,0.03685
Admix-8b,475,A,K,0.02564,0.1279,0.03685
Admix-8b,475,A,R,0.01937,0.1279,0.03685
Admix-8b,475,A,S,0.01134,0.1279,0.03685
Admix-8b,475,A,Y,0.03467,0.1279,0.03685
Admix-8b,476,G,A,0.02859,0.09223,0.03665
Admix-8b,476,G,E,0.03665,0.09223,0.03665
Admix-8b,476,G,Q,0.027,0.09223,0.03665
Admix-8b,477,S,C,0.0328,0.1726,0.0328
Admix-8b,477,S,F,0.03102,0.1726,0.0328
Admix-8b,477,S,L,0.02025,0.1726,0.0328
Admix-8b,477,S,N,0.02271,0.1726,0.0328
Admix-8b,477,S,R,0.02213,0.1726,0.0328
Admix-8b,477,S,V,0.02298,0.1726,0.0328
Admix-8b,477,S,Y,0.02073,0.1726,0.0328
Admix-8b,478,T,G,0.02676,0.0949,0.03127
Admix-8b,478,T,L,0.02582,0.0949,0.03127
Admix-8b,478,T,V,0.03127,0.0949,0.03127
Admix-8b,478,T,W,0.01105,0.0949,0.03127
Admix-8b,479,P,C,0.03584,0.1446,0.03584
Admix-8b,479,P,G,0.02019,0.1446,0.03584
Admix-8b,479,P,H,0.0283,0.1446,0.03584
Admix-8b,479,P,L,0.02279,0.1446,0.03584
Admix-8b,479,P,Q,0.024,0.1446,0.03584
Admix-8b,479,P,Y,0.01343,0.1446,0.03584
Admix-8b,481,N,A,0.03833,0.2292,0.03833
Admix-8b,481,N,D,0.01371,0.2292,0.03833
Admix-8b,481,N,E,0.03363,0.2292,0.03833
Admix-8b,481,N,F,0.02428,0.2292,0.03833
Admix-8b,481,N,I,0.02282,0.2292,0.03833
Admix-8b,481,N,P,0.01319,0.2292,0.03833
Admix-8b,481,N,Q,0.01969,0.2292,0.03833
Admix-8b,481,N,S,0.01677,0.2292,0.03833
Admix-8b,481,N,T,0.02322,0.2292,0.03833
Admix-8b,481,N,Y,0.02355,0.2292,0.03833
Admix-8b,482,G,D,0.0289,0.2241,0.03375
Admix-8b,482,G,H,0.03069,0.2241,0.03375
Admix-8b,482,G,I,0.03253,0.2241,0.03375
Admix-8b,482,G,K,0.03375,0.2241,0.03375
Admix-8b,482,G,L,0.03205,0.2241,0.03375
Admix-8b,482,G,M,0.02988,0.2241,0.03375
Admix-8b,482,G,N,0.009469,0.2241,0.03375
Admix-8b,482,G,R,0.02682,0.2241,0.03375
Admix-8b,484,K,A,0.04842,0.2155,0.0544
Admix-8b,484,K,C,0.04851,0.2155,0.0544
Admix-8b,484,K,G,0.03536,0.2155,0.0544
Admix-8b,484,K,H,0.0544,0.2155,0.0544
Admix-8b,484,K,I,0.02876,0.2155,0.0544
Admix-8b,485,G,C,0.02207,0.2193,0.05158
Admix-8b,485,G,D,0.05158,0.2193,0.05158
Admix-8b,485,G,H,0.01361,0.2193,0.05158
Admix-8b,485,G,N,0.03801,0.2193,0.05158
Admix-8b,485,G,P,0.01189,0.2193,0.05158
Admix-8b,485,G,S,0.04845,0.2193,0.05158
Admix-8b,485,G,T,0.03371,0.2193,0.05158
Admix-8b,486,F,A,0.01725,0.1106,0.03316
Admix-8b,486,F,L,0.03282,0.1106,0.03316
Admix-8b,486,F,R,0.01743,0.1106,0.03316
Admix-8b,486,F,V,0.03316,0.1106,0.03316
Admix-8b,486,F,Y,0.009966,0.1106,0.03316
Admix-8b,487,N,G,0.0407,0.0407,0.0407
Admix-8b,489,Y,W,0.01421,0.01421,0.01421
Admix-8b,490,F,C,0.04644,0.08798,0.04644
Admix-8b,490,F,D,0.02958,0.08798,0.04644
Admix-8b,490,F,H,0.01196,0.08798,0.04644
Admix-8b,492,L,F,0.04239,0.04239,0.04239
Admix-8b,493,Q,A,0.0281,0.1591,0.05761
Admix-8b,493,Q,C,0.03043,0.1591,0.05761
Admix-8b,493,Q,G,0.05761,0.1591,0.05761
Admix-8b,493,Q,H,0.01705,0.1591,0.05761
Admix-8b,493,Q,I,0.02595,0.1591,0.05761
Admix-8b,494,S,C,0.02023,0.03892,0.02023
Admix-8b,494,S,T,0.01869,0.03892,0.02023
Admix-8b,496,G,F,0.008905,0.1682,0.05497
Admix-8b,496,G,H,0.02788,0.1682,0.05497
Admix-8b,496,G,I,0.04147,0.1682,0.05497
Admix-8b,496,G,L,0.05497,0.1682,0.05497
Admix-8b,496,G,V,0.035,0.1682,0.05497
Admix-8b,498,Q,E,0.03537,0.03537,0.03537
Admix-8b,499,P,G,0.04868,0.1736,0.04868
Admix-8b,499,P,H,0.03876,0.1736,0.04868
Admix-8b,499,P,N,0.04334,0.1736,0.04868
Admix-8b,499,P,Q,0.04282,0.1736,0.04868
Admix-8b,500,T,A,0.00988,0.06204,0.02797
Admix-8b,500,T,G,0.02419,0.06204,0.02797
Admix-8b,500,T,M,0.02797,0.06204,0.02797
Admix-8b,501,Y,F,0.03264,0.3199,0.05328
Admix-8b,501,Y,H,0.03111,0.3199,0.05328
Admix-8b,501,Y,I,0.02013,0.3199,0.05328
Admix-8b,501,Y,M,0.02547,0.3199,0.05328
Admix-8b,501,Y,N,0.03047,0.3199,0.05328
Admix-8b,501,Y,Q,0.02647,0.3199,0.05328
Admix-8b,501,Y,S,0.02635,0.3199,0.05328
Admix-8b,501,Y,T,0.03851,0.3199,0.05328
Admix-8b,501,Y,V,0.05328,0.3199,0.05328
Admix-8b,501,Y,W,0.0355,0.3199,0.05328
Admix-8b,503,V,E,0.02905,0.2884,0.06473
Admix-8b,503,V,H,0.03833,0.2884,0.06473
Admix-8b,503,V,I,0.02168,0.2884,0.06473
Admix-8b,503,V,L,0.02604,0.2884,0.06473
Admix-8b,503,V,M,0.04335,0.2884,0.06473
Admix-8b,503,V,Q,0.06473,0.2884,0.06473
Admix-8b,503,V,R,0.01845,0.2884,0.06473
Admix-8b,503,V,S,0.04674,0.2884,0.06473
Admix-8b,504,G,C,0.03391,0.08167,0.03391
Admix-8b,504,G,I,0.02748,0.08167,0.03391
Admix-8b,504,G,K,0.007412,0.08167,0.03391
Admix-8b,504,G,S,0.01287,0.08167,0.03391
Admix-8b,505,Y,N,0.02868,0.0574,0.02872
Admix-8b,505,Y,W,0.02872,0.0574,0.02872
Admix-8b,507,P,A,0.03897,0.03897,0.03897
Admix-8b,510,V,I,0.02254,0.02254,0.02254
Admix-8b,513,L,F,0.0355,0.05189,0.0355
Admix-8b,513,L,M,0.01639,0.05189,0.0355
Admix-8b,514,S,C,0.06092,0.2747,0.06092
Admix-8b,514,S,F,0.03483,0.2747,0.06092
Admix-8b,514,S,K,0.0555,0.2747,0.06092
Admix-8b,514,S,L,0.05011,0.2747,0.06092
Admix-8b,514,S,Q,0.03564,0.2747,0.06092
Admix-8b,514,S,W,0.03774,0.2747,0.06092
Admix-8b,515,F,L,0.03709,0.06053,0.03709
Admix-8b,515,F,Y,0.02344,0.06053,0.03709
Admix-8b,517,L,C,0.03219,0.2684,0.06686
Admix-8b,517,L,Q,0.04341,0.2684,0.06686
Admix-8b,517,L,S,0.06686,0.2684,0.06686
Admix-8b,517,L,V,0.04082,0.2684,0.06686
Admix-8b,517,L,W,0.05041,0.2684,0.06686
Admix-8b,517,L,Y,0.03474,0.2684,0.06686
Admix-8b,518,L,C,0.05251,0.2414,0.05251
Admix-8b,518,L,D,0.03468,0.2414,0.05251
Admix-8b,518,L,F,0.05218,0.2414,0.05251
Admix-8b,518,L,G,0.03181,0.2414,0.05251
Admix-8b,518,L,M,0.005144,0.2414,0.05251
Admix-8b,518,L,N,0.0326,0.2414,0.05251
Admix-8b,518,L,V,0.03248,0.2414,0.05251
Admix-8b,519,H,C,0.03945,0.1535,0.04208
Admix-8b,519,H,G,0.02121,0.1535,0.04208
Admix-8b,519,H,R,0.03391,0.1535,0.04208
Admix-8b,519,H,T,0.04208,0.1535,0.04208
Admix-8b,519,H,W,0.01684,0.1535,0.04208
Admix-8b,520,A,C,0.02712,0.1673,0.0515
Admix-8b,520,A,G,0.02142,0.1673,0.0515
Admix-8b,520,A,H,0.03096,0.1673,0.0515
Admix-8b,520,A,W,0.0515,0.1673,0.0515
Admix-8b,520,A,Y,0.03625,0.1673,0.0515
Admix-8b,521,P,D,0.03152,0.1076,0.0424
Admix-8b,521,P,I,0.0424,0.1076,0.0424
Admix-8b,521,P,V,0.03372,0.1076,0.0424
Admix-8b,522,A,C,0.03555,0.08724,0.03555
Admix-8b,522,A,D,0.03187,0.08724,0.03555
Admix-8b,522,A,L,0.01983,0.08724,0.03555
Admix-8b,523,T,E,0.03334,0.09154,0.03334
Admix-8b,523,T,M,0.01107,0.09154,0.03334
Admix-8b,523,T,N,0.02924,0.09154,0.03334
Admix-8b,523,T,R,0.01789,0.09154,0.03334
Admix-8b,524,V,C,0.01041,0.2528,0.06555
Admix-8b,524,V,D,0.04113,0.2528,0.06555
Admix-8b,524,V,F,0.0221,0.2528,0.06555
Admix-8b,524,V,I,0.03118,0.2528,0.06555
Admix-8b,524,V,N,0.05115,0.2528,0.06555
Admix-8b,524,V,R,0.06555,0.2528,0.06555
Admix-8b,524,V,S,0.03125,0.2528,0.06555
Admix-8b,526,G,H,0.05253,0.1013,0.05253
Admix-8b,526,G,W,0.04876,0.1013,0.05253
Admix-8b,527,P,H,0.02372,0.0709,0.02572
Admix-8b,527,P,K,0.02147,0.0709,0.02572
Admix-8b,527,P,R,0.02572,0.0709,0.02572
Admix-8b,528,K,C,0.0226,0.1368,0.05322
Admix-8b,528,K,E,0.02749,0.1368,0.05322
Admix-8b,528,K,V,0.05322,0.1368,0.05322
Admix-8b,528,K,Y,0.03351,0.1368,0.05322
Admix-8b,530,S,F,0.02317,0.03871,0.02317
Admix-8b,530,S,N,0.01554,0.03871,0.02317
Admix-8b,531,T,G,0.02679,0.1109,0.04704
Admix-8b,531,T,I,0.007064,0.1109,0.04704
Admix-8b,531,T,V,0.03004,0.1109,0.04704
Admix-8b,531,T,W,0.04704,0.1109,0.04704
HS2B,331,N,K,0.02283,0.1208,0.02604
HS2B,331,N,L,0.01975,0.1208,0.02604
HS2B,331,N,R,0.02604,0.1208,0.02604
HS2B,331,N,T,0.02442,0.1208,0.02604
HS2B,331,N,V,0.01161,0.1208,0.02604
HS2B,331,N,Y,0.01613,0.1208,0.02604
HS2B,332,I,E,0.04112,0.1515,0.04399
HS2B,332,I,H,0.04399,0.1515,0.04399
HS2B,332,I,S,0.03753,0.1515,0.04399
HS2B,332,I,W,0.0289,0.1515,0.04399
HS2B,333,T,A,0.01355,0.2645,0.05793
HS2B,333,T,C,0.02876,0.2645,0.05793
HS2B,333,T,D,0.0391,0.2645,0.05793
HS2B,333,T,E,0.03164,0.2645,0.05793
HS2B,333,T,F,0.01257,0.2645,0.05793
HS2B,333,T,L,0.03493,0.2645,0.05793
HS2B,333,T,M,0.01476,0.2645,0.05793
HS2B,333,T,S,0.03125,0.2645,0.05793
HS2B,333,T,Y,0.05793,0.2645,0.05793
HS2B,334,N,R,0.07988,0.1679,0.07988
HS2B,334,N,S,0.0216,0.1679,0.07988
HS2B,334,N,T,0.0385,0.1679,0.07988
HS2B,334,N,V,0.02787,0.1679,0.07988
HS2B,335,L,C,0.05402,0.2962,0.05402
HS2B,335,L,D,0.02778,0.2962,0.05402
HS2B,335,L,E,0.04737,0.2962,0.05402
HS2B,335,L,K,0.02164,0.2962,0.05402
HS2B,335,L,N,0.02713,0.2962,0.05402
HS2B,335,L,P,0.03489,0.2962,0.05402
HS2B,335,L,T,0.05334,0.2962,0.05402
HS2B,335,L,Y,0.03003,0.2962,0.05402
HS2B,337,P,A,0.05469,0.5165,0.09104
HS2B,337,P,C,0.03818,0.5165,0.09104
HS2B,337,P,H,0.05695,0.5165,0.09104
HS2B,337,P,K,0.03163,0.5165,0.09104
HS2B,337,P,Q,0.08233,0.5165,0.09104
HS2B,337,P,S,0.08511,0.5165,0.09104
HS2B,337,P,T,0.09104,0.5165,0.09104
HS2B,337,P,Y,0.07651,0.5165,0.09104
HS2B,339,G,C,0.009718,0.1062,0.04911
HS2B,339,G,E,0.04738,0.1062,0.04911
HS2B,339,G,V,0.04911,0.1062,0.04911
HS2B,340,E,A,0.02338,0.1566,0.05687
HS2B,340,E,I,0.05687,0.1566,0.05687
HS2B,340,E,L,0.01647,0.1566,0.05687
HS2B,340,E,N,0.02033,0.1566,0.05687
HS2B,340,E,P,0.02983,0.1566,0.05687
HS2B,340,E,V,0.009691,0.1566,0.05687
HS2B,344,A,S,0.0643,0.0643,0.0643
HS2B,345,T,E,0.06043,0.2105,0.08525
HS2B,345,T,P,0.02605,0.2105,0.08525
HS2B,345,T,R,0.08525,0.2105,0.08525
HS2B,345,T,S,0.03875,0.2105,0.08525
HS2B,346,R,F,0.09426,0.7102,0.135
HS2B,346,R,G,0.08821,0.7102,0.135
HS2B,346,R,L,0.09292,0.7102,0.135
HS2B,346,R,M,0.1127,0.7102,0.135
HS2B,346,R,Q,0.135,0.7102,0.135
HS2B,346,R,S,0.07917,0.7102,0.135
HS2B,346,R,W,0.1079,0.7102,0.135
HS2B,347,F,W,0.1146,0.1146,0.1146
HS2B,348,A,D,0.05462,0.2375,0.1209
HS2B,348,A,F,0.06201,0.2375,0.1209
HS2B,348,A,N,0.1209,0.2375,0.1209
HS2B,349,S,N,0.05841,0.07421,0.05841
HS2B,349,S,P,0.01579,0.07421,0.05841
HS2B,351,Y,H,0.1607,0.1874,0.1607
HS2B,351,Y,W,0.02662,0.1874,0.1607
HS2B,352,A,C,0.0469,0.178,0.1052
HS2B,352,A,E,0.1052,0.178,0.1052
HS2B,352,A,S,0.0259,0.178,0.1052
HS2B,354,N,A,0.04352,0.2607,0.07105
HS2B,354,N,C,0.01676,0.2607,0.07105
HS2B,354,N,G,0.04308,0.2607,0.07105
HS2B,354,N,Q,0.05685,0.2607,0.07105
HS2B,354,N,R,0.07105,0.2607,0.07105
HS2B,354,N,S,0.02947,0.2607,0.07105
HS2B,356,K,A,0.02295,0.3626,0.09699
HS2B,356,K,E,0.07658,0.3626,0.09699
HS2B,356,K,Q,0.03934,0.3626,0.09699
HS2B,356,K,R,0.03575,0.3626,0.09699
HS2B,356,K,S,0.09096,0.3626,0.09699
HS2B,356,K,T,0.09699,0.3626,0.09699
HS2B,357,R,D,0.08193,0.1285,0.08193
HS2B,357,R,N,0.04657,0.1285,0.08193
HS2B,358,I,W,0.07778,0.09863,0.07778
HS2B,358,I,Y,0.02085,0.09863,0.07778
HS2B,360,N,A,0.08342,0.3307,0.08342
HS2B,360,N,H,0.05464,0.3307,0.08342
HS2B,360,N,M,0.03223,0.3307,0.08342
HS2B,360,N,R,0.05015,0.3307,0.08342
HS2B,360,N,T,0.03206,0.3307,0.08342
HS2B,360,N,W,0.07817,0.3307,0.08342
HS2B,362,V,A,0.06582,0.7041,0.1149
HS2B,362,V,C,0.1149,0.7041,0.1149
HS2B,362,V,D,0.06693,0.7041,0.1149
HS2B,362,V,F,0.04441,0.7041,0.1149
HS2B,362,V,G,0.1098,0.7041,0.1149
HS2B,362,V,I,0.04963,0.7041,0.1149
HS2B,362,V,L,0.05241,0.7041,0.1149
HS2B,362,V,R,0.02701,0.7041,0.1149
HS2B,362,V,S,0.07385,0.7041,0.1149
HS2B,362,V,T,0.06103,0.7041,0.1149
HS2B,362,V,W,0.03833,0.7041,0.1149
HS2B,363,A,L,0.08523,0.08523,0.08523
HS2B,364,D,E,0.04514,0.04514,0.04514
HS2B,365,Y,I,0.1161,0.1569,0.1161
HS2B,365,Y,W,0.04079,0.1569,0.1161
HS2B,366,S,D,0.04597,0.3193,0.1013
HS2B,366,S,E,0.02623,0.3193,0.1013
HS2B,366,S,H,0.07118,0.3193,0.1013
HS2B,366,S,Q,0.03283,0.3193,0.1013
HS2B,366,S,T,0.04182,0.3193,0.1013
HS2B,366,S,W,0.1013,0.3193,0.1013
HS2B,367,V,D,0.03344,0.1756,0.04095
HS2B,367,V,I,0.02917,0.1756,0.04095
HS2B,367,V,K,0.03901,0.1756,0.04095
HS2B,367,V,M,0.04095,0.1756,0.04095
HS2B,367,V,Q,0.033,0.1756,0.04095
HS2B,368,L,M,0.04414,0.04414,0.04414
HS2B,369,Y,H,0.05737,0.4528,0.09201
HS2B,369,Y,I,0.01462,0.4528,0.09201
HS2B,369,Y,K,0.06513,0.4528,0.09201
HS2B,369,Y,L,0.03022,0.4528,0.09201
HS2B,369,Y,M,0.02687,0.4528,0.09201
HS2B,369,Y,P,0.09201,0.4528,0.09201
HS2B,369,Y,R,0.08357,0.4528,0.09201
HS2B,369,Y,T,0.03171,0.4528,0.09201
HS2B,369,Y,V,0.0513,0.4528,0.09201
HS2B,370,N,G,0.06956,0.1528,0.06956
HS2B,370,N,L,0.038,0.1528,0.06956
HS2B,370,N,Y,0.04528,0.1528,0.06956
HS2B,371,S,E,0.02853,0.2449,0.1348
HS2B,371,S,F,0.0223,0.2449,0.1348
HS2B,371,S,I,0.036,0.2449,0.1348
HS2B,371,S,R,0.1348,0.2449,0.1348
HS2B,371,S,T,0.02327,0.2449,0.1348
HS2B,372,A,I,0.03244,0.2876,0.06025
HS2B,372,A,L,0.06025,0.2876,0.06025
HS2B,372,A,M,0.02895,0.2876,0.06025
HS2B,372,A,P,0.03695,0.2876,0.06025
HS2B,372,A,R,0.05137,0.2876,0.06025
HS2B,372,A,T,0.02384,0.2876,0.06025
HS2B,372,A,W,0.05377,0.2876,0.06025
HS2B,373,S,A,0.02999,0.2677,0.08769
HS2B,373,S,D,0.08769,0.2677,0.08769
HS2B,373,S,E,0.04439,0.2677,0.08769
HS2B,373,S,I,0.04458,0.2677,0.08769
HS2B,373,S,M,0.04376,0.2677,0.08769
HS2B,373,S,V,0.01724,0.2677,0.08769
HS2B,374,F,H,0.03938,0.1697,0.06969
HS2B,374,F,M,0.02487,0.1697,0.06969
HS2B,374,F,W,0.06969,0.1697,0.06969
HS2B,374,F,Y,0.03572,0.1697,0.06969
HS2B,375,S,E,0.0287,0.1434,0.04211
HS2B,375,S,G,0.04211,0.1434,0.04211
HS2B,375,S,N,0.03467,0.1434,0.04211
HS2B,375,S,T,0.03788,0.1434,0.04211
HS2B,376,T,C,0.01059,0.314,0.05672
HS2B,376,T,D,0.02546,0.314,0.05672
HS2B,376,T,N,0.02891,0.314,0.05672
HS2B,376,T,Q,0.04404,0.314,0.05672
HS2B,376,T,R,0.05672,0.314,0.05672
HS2B,376,T,S,0.05438,0.314,0.05672
HS2B,376,T,V,0.03568,0.314,0.05672
HS2B,376,T,W,0.02888,0.314,0.05672
HS2B,376,T,Y,0.02938,0.314,0.05672
HS2B,377,F,L,0.03248,0.07386,0.04137
HS2B,377,F,M,0.04137,0.07386,0.04137
HS2B,378,K,C,0.0449,0.2904,0.06297
HS2B,378,K,D,0.04784,0.2904,0.06297
HS2B,378,K,I,0.03907,0.2904,0.06297
HS2B,378,K,M,0.04132,0.2904,0.06297
HS2B,378,K,Q,0.06297,0.2904,0.06297
HS2B,378,K,T,0.05429,0.2904,0.06297
HS2B,380,Y,F,0.02323,0.06644,0.04321
HS2B,380,Y,W,0.04321,0.06644,0.04321
HS2B,381,G,K,0.04598,0.04862,0.04598
HS2B,381,G,Q,0.00264,0.04862,0.04598
HS2B,382,V,C,0.04501,0.2074,0.05442
HS2B,382,V,F,0.05442,0.2074,0.05442
HS2B,382,V,L,0.03889,0.2074,0.05442
HS2B,382,V,W,0.03021,0.2074,0.05442
HS2B,382,V,Y,0.03889,0.2074,0.05442
HS2B,383,S,A,0.0587,0.3688,0.06688
HS2B,383,S,D,0.05848,0.3688,0.06688
HS2B,383,S,G,0.06258,0.3688,0.06688
HS2B,383,S,L,0.06688,0.3688,0.06688
HS2B,383,S,N,0.03538,0.3688,0.06688
HS2B,383,S,Q,0.03892,0.3688,0.06688
HS2B,383,S,Y,0.04783,0.3688,0.06688
HS2B,384,P,A,0.07345,0.3175,0.07345
HS2B,384,P,F,0.06604,0.3175,0.07345
HS2B,384,P,K,0.02259,0.3175,0.07345
HS2B,384,P,Q,0.01911,0.3175,0.07345
HS2B,384,P,S,0.04801,0.3175,0.07345
HS2B,384,P,T,0.04484,0.3175,0.07345
HS2B,384,P,W,0.0435,0.3175,0.07345
HS2B,385,T,E,0.02196,0.3379,0.06139
HS2B,385,T,I,0.02928,0.3379,0.06139
HS2B,385,T,L,0.03253,0.3379,0.06139
HS2B,385,T,P,0.04621,0.3379,0.06139
HS2B,385,T,R,0.0606,0.3379,0.06139
HS2B,385,T,S,0.02589,0.3379,0.06139
HS2B,385,T,W,0.06139,0.3379,0.06139
HS2B,385,T,Y,0.06004,0.3379,0.06139
HS2B,386,K,N,0.04484,0.2286,0.05787
HS2B,386,K,R,0.05389,0.2286,0.05787
HS2B,386,K,T,0.04188,0.2286,0.05787
HS2B,386,K,V,0.05787,0.2286,0.05787
HS2B,386,K,Y,0.03011,0.2286,0.05787
HS2B,387,L,W,0.05705,0.05705,0.05705
HS2B,388,N,C,0.0527,0.2928,0.06767
HS2B,388,N,E,0.05852,0.2928,0.06767
HS2B,388,N,H,0.06767,0.2928,0.06767
HS2B,388,N,I,0.03748,0.2928,0.06767
HS2B,388,N,L,0.03836,0.2928,0.06767
HS2B,388,N,Q,0.03811,0.2928,0.06767
HS2B,389,D,E,0.04579,0.3472,0.1159
HS2B,389,D,G,0.05337,0.3472,0.1159
HS2B,389,D,H,0.1159,0.3472,0.1159
HS2B,389,D,S,0.077,0.3472,0.1159
HS2B,389,D,W,0.05512,0.3472,0.1159
HS2B,390,L,C,0.01797,0.3696,0.07644
HS2B,390,L,D,0.05135,0.3696,0.07644
HS2B,390,L,E,0.05232,0.3696,0.07644
HS2B,390,L,H,0.03797,0.3696,0.07644
HS2B,390,L,K,0.05717,0.3696,0.07644
HS2B,390,L,M,0.03675,0.3696,0.07644
HS2B,390,L,R,0.07644,0.3696,0.07644
HS2B,390,L,T,0.03967,0.3696,0.07644
HS2B,392,F,L,0.073,0.2361,0.073
HS2B,392,F,Q,0.04314,0.2361,0.073
HS2B,392,F,S,0.05818,0.2361,0.073
HS2B,392,F,T,0.0618,0.2361,0.073
HS2B,393,T,C,0.08653,0.2853,0.08653
HS2B,393,T,D,0.04522,0.2853,0.08653
HS2B,393,T,G,0.0413,0.2853,0.08653
HS2B,393,T,H,0.04529,0.2853,0.08653
HS2B,393,T,L,0.06698,0.2853,0.08653
HS2B,394,N,A,0.02526,0.2458,0.09732
HS2B,394,N,H,0.03212,0.2458,0.09732
HS2B,394,N,P,0.09732,0.2458,0.09732
HS2B,394,N,T,0.09112,0.2458,0.09732
HS2B,395,V,I,0.03418,0.07162,0.03744
HS2B,395,V,L,0.03744,0.07162,0.03744
HS2B,396,Y,H,0.04045,0.1416,0.05632
HS2B,396,Y,I,0.05632,0.1416,0.05632
HS2B,396,Y,W,0.04485,0.1416,0.05632
HS2B,402,I,C,0.03104,0.1325,0.05546
HS2B,402,I,L,0.04602,0.1325,0.05546
HS2B,402,I,V,0.05546,0.1325,0.05546
HS2B,403,R,M,0.02607,0.02607,0.02607
HS2B,405,D,C,0.1249,0.8208,0.1427
HS2B,405,D,E,0.07486,0.8208,0.1427
HS2B,405,D,G,0.1009,0.8208,0.1427
HS2B,405,D,I,0.126,0.8208,0.1427
HS2B,405,D,L,0.1117,0.8208,0.1427
HS2B,405,D,N,0.1427,0.8208,0.1427
HS2B,405,D,R,0.05072,0.8208,0.1427
HS2B,405,D,V,0.08908,0.8208,0.1427
HS2B,406,E,D,0.03836,0.2514,0.172
HS2B,406,E,Q,0.04108,0.2514,0.172
HS2B,406,E,W,0.172,0.2514,0.172
HS2B,407,V,M,0.0685,0.0685,0.0685
HS2B,408,R,C,0.04285,0.2817,0.04285
HS2B,408,R,E,0.02783,0.2817,0.04285
HS2B,408,R,G,0.02957,0.2817,0.04285
HS2B,408,R,K,0.04229,0.2817,0.04285
HS2B,408,R,L,0.03918,0.2817,0.04285
HS2B,408,R,Q,0.03969,0.2817,0.04285
HS2B,408,R,S,0.0205,0.2817,0.04285
HS2B,408,R,Y,0.0398,0.2817,0.04285
HS2B,411,A,E,0.03138,0.1088,0.0485
HS2B,411,A,G,0.0485,0.1088,0.0485
HS2B,411,A,Q,0.02894,0.1088,0.0485
HS2B,413,G,C,0.049,0.2729,0.06708
HS2B,413,G,D,0.03885,0.2729,0.06708
HS2B,413,G,F,0.03197,0.2729,0.06708
HS2B,413,G,H,0.01559,0.2729,0.06708
HS2B,413,G,M,0.03693,0.2729,0.06708
HS2B,413,G,Q,0.06708,0.2729,0.06708
HS2B,413,G,T,0.03345,0.2729,0.06708
HS2B,414,Q,C,0.04463,0.2053,0.07437
HS2B,414,Q,K,0.07437,0.2053,0.07437
HS2B,414,Q,S,0.02374,0.2053,0.07437
HS2B,414,Q,V,0.06252,0.2053,0.07437
HS2B,415,T,A,0.03951,0.3083,0.0599
HS2B,415,T,C,0.0478,0.3083,0.0599
HS2B,415,T,D,0.02368,0.3083,0.0599
HS2B,415,T,R,0.05087,0.3083,0.0599
HS2B,415,T,V,0.03063,0.3083,0.0599
HS2B,415,T,W,0.05588,0.3083,0.0599
HS2B,415,T,Y,0.0599,0.3083,0.0599
HS2B,417,N,D,0.024,0.1927,0.05238
HS2B,417,N,E,0.0347,0.1927,0.05238
HS2B,417,N,F,0.03759,0.1927,0.05238
HS2B,417,N,G,0.03557,0.1927,0.05238
HS2B,417,N,Q,0.05238,0.1927,0.05238
HS2B,417,N,R,0.008427,0.1927,0.05238
HS2B,418,I,V,0.01628,0.01628,0.01628
HS2B,419,A,P,0.01613,0.01613,0.01613
HS2B,421,Y,M,0.02924,0.06048,0.03124
HS2B,421,Y,W,0.03124,0.06048,0.03124
HS2B,427,D,A,0.0343,0.2158,0.06636
HS2B,427,D,N,0.06409,0.2158,0.06636
HS2B,427,D,Q,0.06636,0.2158,0.06636
HS2B,427,D,W,0.05107,0.2158,0.06636
HS2B,428,D,C,0.06864,0.6112,0.07512
HS2B,428,D,E,0.02874,0.6112,0.07512
HS2B,428,D,G,0.07341,0.6112,0.07512
HS2B,428,D,H,0.07237,0.6112,0.07512
HS2B,428,D,K,0.04146,0.6112,0.07512
HS2B,428,D,M,0.03343,0.6112,0.07512
HS2B,428,D,N,0.03839,0.6112,0.07512
HS2B,428,D,Q,0.05287,0.6112,0.07512
HS2B,428,D,R,0.05417,0.6112,0.07512
HS2B,428,D,S,0.03368,0.6112,0.07512
HS2B,428,D,W,0.03897,0.6112,0.07512
HS2B,428,D,Y,0.07512,0.6112,0.07512
HS2B,430,T,A,0.04696,0.2672,0.05319
HS2B,430,T,C,0.04176,0.2672,0.05319
HS2B,430,T,L,0.05001,0.2672,0.05319
HS2B,430,T,Q,0.0446,0.2672,0.05319
HS2B,430,T,V,0.05319,0.2672,0.05319
HS2B,430,T,Y,0.03063,0.2672,0.05319
HS2B,434,I,C,0.05833,0.1054,0.05833
HS2B,434,I,W,0.04711,0.1054,0.05833
HS2B,438,S,T,0.03764,0.03764,0.03764
HS2B,439,N,C,0.0961,0.0961,0.0961
HS2B,440,N,A,0.09184,0.7092,0.094
HS2B,440,N,D,0.0667,0.7092,0.094
HS2B,440,N,G,0.08043,0.7092,0.094
HS2B,440,N,H,0.08459,0.7092,0.094
HS2B,440,N,L,0.04751,0.7092,0.094
HS2B,440,N,M,0.094,0.7092,0.094
HS2B,440,N,Q,0.07484,0.7092,0.094
HS2B,440,N,T,0.07572,0.7092,0.094
HS2B,440,N,V,0.09356,0.7092,0.094
HS2B,441,L,N,0.05818,0.2208,0.1102
HS2B,441,L,S,0.05241,0.2208,0.1102
HS2B,441,L,T,0.1102,0.2208,0.1102
HS2B,443,S,A,0.05434,0.2694,0.1139
HS2B,443,S,C,0.1011,0.2694,0.1139
HS2B,443,S,G,0.1139,0.2694,0.1139
HS2B,444,K,C,0.05703,0.3089,0.1106
HS2B,444,K,H,0.06346,0.3089,0.1106
HS2B,444,K,I,0.1106,0.3089,0.1106
HS2B,444,K,S,0.07779,0.3089,0.1106
HS2B,445,V,M,0.04304,0.2592,0.07874
HS2B,445,V,T,0.06889,0.2592,0.07874
HS2B,445,V,W,0.06851,0.2592,0.07874
HS2B,445,V,Y,0.07874,0.2592,0.07874
HS2B,446,G,D,0.04268,0.4915,0.1513
HS2B,446,G,M,0.06362,0.4915,0.1513
HS2B,446,G,N,0.0489,0.4915,0.1513
HS2B,446,G,P,0.06999,0.4915,0.1513
HS2B,446,G,R,0.1513,0.4915,0.1513
HS2B,446,G,T,0.1151,0.4915,0.1513
HS2B,447,G,D,0.1958,0.7636,0.2252
HS2B,447,G,M,0.2063,0.7636,0.2252
HS2B,447,G,Q,0.2252,0.7636,0.2252
HS2B,447,G,V,0.1364,0.7636,0.2252
HS2B,448,N,A,0.08365,0.4836,0.1462
HS2B,448,N,D,0.1352,0.4836,0.1462
HS2B,448,N,K,0.1462,0.4836,0.1462
HS2B,448,N,Q,0.1185,0.4836,0.1462
HS2B,449,Y,A,0.1154,0.3419,0.1218
HS2B,449,Y,F,0.0562,0.3419,0.1218
HS2B,449,Y,N,0.04855,0.3419,0.1218
HS2B,449,Y,V,0.1218,0.3419,0.1218
HS2B,450,N,A,0.0218,0.2521,0.122
HS2B,450,N,E,0.1083,0.2521,0.122
HS2B,450,N,S,0.122,0.2521,0.122
HS2B,451,Y,F,0.1151,0.1594,0.1151
HS2B,451,Y,L,0.04435,0.1594,0.1151
HS2B,452,L,C,0.07975,0.5386,0.1786
HS2B,452,L,F,0.08429,0.5386,0.1786
HS2B,452,L,H,0.1398,0.5386,0.1786
HS2B,452,L,I,0.02893,0.5386,0.1786
HS2B,452,L,M,0.02727,0.5386,0.1786
HS2B,452,L,Y,0.1786,0.5386,0.1786
HS2B,453,Y,K,0.05462,0.1055,0.05462
HS2B,453,Y,W,0.05084,0.1055,0.05462
HS2B,455,L,C,0.01075,0.1783,0.05012
HS2B,455,L,G,0.01213,0.1783,0.05012
HS2B,455,L,H,0.04372,0.1783,0.05012
HS2B,455,L,P,0.007576,0.1783,0.05012
HS2B,455,L,Q,0.04719,0.1783,0.05012
HS2B,455,L,R,0.05012,0.1783,0.05012
HS2B,455,L,W,0.006854,0.1783,0.05012
HS2B,456,F,C,0.1675,0.399,0.1675
HS2B,456,F,K,0.04805,0.399,0.1675
HS2B,456,F,N,0.05887,0.399,0.1675
HS2B,456,F,S,0.07923,0.399,0.1675
HS2B,456,F,V,0.04537,0.399,0.1675
HS2B,458,K,F,0.0312,0.1381,0.04242
HS2B,458,K,L,0.0382,0.1381,0.04242
HS2B,458,K,Q,0.0263,0.1381,0.04242
HS2B,458,K,W,0.04242,0.1381,0.04242
HS2B,460,N,E,0.03446,0.1693,0.03523
HS2B,460,N,F,0.008752,0.1693,0.03523
HS2B,460,N,G,0.02988,0.1693,0.03523
HS2B,460,N,L,0.03306,0.1693,0.03523
HS2B,460,N,M,0.03523,0.1693,0.03523
HS2B,460,N,S,0.02789,0.1693,0.03523
HS2B,461,L,I,0.003525,0.003525,0.003525
HS2B,462,K,F,0.03029,0.215,0.06091
HS2B,462,K,G,0.02119,0.215,0.06091
HS2B,462,K,I,0.06091,0.215,0.06091
HS2B,462,K,L,0.04485,0.215,0.06091
HS2B,462,K,N,0.01732,0.215,0.06091
HS2B,462,K,T,0.04042,0.215,0.06091
HS2B,464,F,H,0.05754,0.1708,0.05754
HS2B,464,F,L,0.04038,0.1708,0.05754
HS2B,464,F,M,0.02099,0.1708,0.05754
HS2B,464,F,N,0.0222,0.1708,0.05754
HS2B,464,F,Y,0.02971,0.1708,0.05754
HS2B,465,E,A,0.01436,0.01436,0.01436
HS2B,466,R,K,0.05857,0.05857,0.05857
HS2B,468,I,A,0.04472,0.04472,0.04472
HS2B,469,S,D,0.03769,0.1027,0.03769
HS2B,469,S,Q,0.03146,0.1027,0.03769
HS2B,469,S,T,0.03353,0.1027,0.03769
HS2B,470,T,C,0.03565,0.405,0.1178
HS2B,470,T,F,0.04073,0.405,0.1178
HS2B,470,T,K,0.1178,0.405,0.1178
HS2B,470,T,Q,0.07772,0.405,0.1178
HS2B,470,T,S,0.03731,0.405,0.1178
HS2B,470,T,W,0.07698,0.405,0.1178
HS2B,470,T,Y,0.01878,0.405,0.1178
HS2B,471,E,A,0.01603,0.1052,0.04299
HS2B,471,E,D,0.03374,0.1052,0.04299
HS2B,471,E,G,0.04299,0.1052,0.04299
HS2B,471,E,I,0.01246,0.1052,0.04299
HS2B,472,I,D,0.06161,0.2261,0.08262
HS2B,472,I,H,0.03322,0.2261,0.08262
HS2B,472,I,N,0.01584,0.2261,0.08262
HS2B,472,I,Q,0.03276,0.2261,0.08262
HS2B,472,I,W,0.08262,0.2261,0.08262
HS2B,473,Y,C,0.04365,0.1465,0.04365
HS2B,473,Y,F,0.01792,0.1465,0.04365
HS2B,473,Y,H,0.02019,0.1465,0.04365
HS2B,473,Y,I,0.0213,0.1465,0.04365
HS2B,473,Y,T,0.01893,0.1465,0.04365
HS2B,473,Y,V,0.02448,0.1465,0.04365
HS2B,474,Q,A,0.03128,0.3034,0.05698
HS2B,474,Q,C,0.05698,0.3034,0.05698
HS2B,474,Q,E,0.05567,0.3034,0.05698
HS2B,474,Q,N,0.0373,0.3034,0.05698
HS2B,474,Q,P,0.04851,0.3034,0.05698
HS2B,474,Q,R,0.03317,0.3034,0.05698
HS2B,474,Q,T,0.0405,0.3034,0.05698
HS2B,475,A,C,0.04222,0.1942,0.05143
HS2B,475,A,K,0.02936,0.1942,0.05143
HS2B,475,A,R,0.05143,0.1942,0.05143
HS2B,475,A,S,0.04225,0.1942,0.05143
HS2B,475,A,Y,0.02898,0.1942,0.05143
HS2B,476,G,A,0.02838,0.09824,0.03802
HS2B,476,G,E,0.03802,0.09824,0.03802
HS2B,476,G,Q,0.03185,0.09824,0.03802
HS2B,477,S,C,0.05948,0.4113,0.1076
HS2B,477,S,F,0.07222,0.4113,0.1076
HS2B,477,S,L,0.03188,0.4113,0.1076
HS2B,477,S,N,0.04202,0.4113,0.1076
HS2B,477,S,R,0.1076,0.4113,0.1076
HS2B,477,S,V,0.05815,0.4113,0.1076
HS2B,477,S,Y,0.03991,0.4113,0.1076
HS2B,478,T,G,0.04903,0.1846,0.07441
HS2B,478,T,L,0.07441,0.1846,0.07441
HS2B,478,T,V,0.01786,0.1846,0.07441
HS2B,478,T,W,0.0433,0.1846,0.07441
HS2B,479,P,C,0.02677,0.2681,0.07444
HS2B,479,P,G,0.04625,0.2681,0.07444
HS2B,479,P,H,0.0641,0.2681,0.07444
HS2B,479,P,L,0.07444,0.2681,0.07444
HS2B,479,P,Q,0.03995,0.2681,0.07444
HS2B,479,P,Y,0.01664,0.2681,0.07444
HS2B,481,N,A,0.05013,0.4112,0.0571
HS2B,481,N,D,0.02094,0.4112,0.0571
HS2B,481,N,E,0.01579,0.4112,0.0571
HS2B,481,N,F,0.05365,0.4112,0.0571
HS2B,481,N,I,0.04388,0.4112,0.0571
HS2B,481,N,P,0.0571,0.4112,0.0571
HS2B,481,N,Q,0.04697,0.4112,0.0571
HS2B,481,N,S,0.04684,0.4112,0.0571
HS2B,481,N,T,0.03811,0.4112,0.0571
HS2B,481,N,Y,0.03777,0.4112,0.0571
HS2B,482,G,D,0.04937,0.3104,0.0506
HS2B,482,G,H,0.02895,0.3104,0.0506
HS2B,482,G,I,0.02585,0.3104,0.0506
HS2B,482,G,K,0.02843,0.3104,0.0506
HS2B,482,G,L,0.03351,0.3104,0.0506
HS2B,482,G,M,0.04752,0.3104,0.0506
HS2B,482,G,N,0.04623,0.3104,0.0506
HS2B,482,G,R,0.0506,0.3104,0.0506
HS2B,484,K,A,0.1024,0.642,0.2205
HS2B,484,K,C,0.2205,0.642,0.2205
HS2B,484,K,G,0.03277,0.642,0.2205
HS2B,484,K,H,0.2181,0.642,0.2205
HS2B,484,K,I,0.06822,0.642,0.2205
HS2B,485,G,C,0.04253,0.3267,0.06249
HS2B,485,G,D,0.05301,0.3267,0.06249
HS2B,485,G,H,0.04962,0.3267,0.06249
HS2B,485,G,N,0.0261,0.3267,0.06249
HS2B,485,G,P,0.04028,0.3267,0.06249
HS2B,485,G,S,0.06249,0.3267,0.06249
HS2B,485,G,T,0.0527,0.3267,0.06249
HS2B,486,F,A,0.02276,0.2098,0.07332
HS2B,486,F,L,0.03392,0.2098,0.07332
HS2B,486,F,R,0.05193,0.2098,0.07332
HS2B,486,F,V,0.02786,0.2098,0.07332
HS2B,486,F,Y,0.07332,0.2098,0.07332
HS2B,487,N,G,0.2549,0.2549,0.2549
HS2B,489,Y,W,0.02185,0.02185,0.02185
HS2B,490,F,C,0.1198,0.2431,0.1198
HS2B,490,F,D,0.05656,0.2431,0.1198
HS2B,490,F,H,0.06676,0.2431,0.1198
HS2B,492,L,F,0.05212,0.05212,0.05212
HS2B,493,Q,A,0.02171,0.1622,0.04295
HS2B,493,Q,C,0.0267,0.1622,0.04295
HS2B,493,Q,G,0.0404,0.1622,0.04295
HS2B,493,Q,H,0.03045,0.1622,0.04295
HS2B,493,Q,I,0.04295,0.1622,0.04295
HS2B,494,S,C,0.05173,0.1063,0.05455
HS2B,494,S,T,0.05455,0.1063,0.05455
HS2B,496,G,F,0.04445,0.6198,0.2007
HS2B,496,G,H,0.1436,0.6198,0.2007
HS2B,496,G,I,0.1316,0.6198,0.2007
HS2B,496,G,L,0.09942,0.6198,0.2007
HS2B,496,G,V,0.2007,0.6198,0.2007
HS2B,498,Q,E,0.03229,0.03229,0.03229
HS2B,499,P,G,0.1308,0.399,0.1308
HS2B,499,P,H,0.07926,0.399,0.1308
HS2B,499,P,N,0.07601,0.399,0.1308
HS2B,499,P,Q,0.113,0.399,0.1308
HS2B,500,T,A,0.03942,0.128,0.05549
HS2B,500,T,G,0.03307,0.128,0.05549
HS2B,500,T,M,0.05549,0.128,0.05549
HS2B,501,Y,F,0.04495,0.5552,0.07293
HS2B,501,Y,H,0.04644,0.5552,0.07293
HS2B,501,Y,I,0.06708,0.5552,0.07293
HS2B,501,Y,M,0.03663,0.5552,0.07293
HS2B,501,Y,N,0.0678,0.5552,0.07293
HS2B,501,Y,Q,0.06086,0.5552,0.07293
HS2B,501,Y,S,0.04244,0.5552,0.07293
HS2B,501,Y,T,0.07293,0.5552,0.07293
HS2B,501,Y,V,0.04922,0.5552,0.07293
HS2B,501,Y,W,0.06681,0.5552,0.07293
HS2B,503,V,E,0.02565,0.4846,0.1647
HS2B,503,V,H,0.07056,0.4846,0.1647
HS2B,503,V,I,0.03021,0.4846,0.1647
HS2B,503,V,L,0.01463,0.4846,0.1647
HS2B,503,V,M,0.04361,0.4846,0.1647
HS2B,503,V,Q,0.09118,0.4846,0.1647
HS2B,503,V,R,0.1647,0.4846,0.1647
HS2B,503,V,S,0.04407,0.4846,0.1647
HS2B,504,G,C,0.0397,0.2603,0.08834
HS2B,504,G,I,0.08834,0.2603,0.08834
HS2B,504,G,K,0.07351,0.2603,0.08834
HS2B,504,G,S,0.05872,0.2603,0.08834
HS2B,505,Y,N,0.06555,0.1207,0.06555
HS2B,505,Y,W,0.05512,0.1207,0.06555
HS2B,507,P,A,0.0943,0.0943,0.0943
HS2B,510,V,I,0.03178,0.03178,0.03178
HS2B,513,L,F,0.06494,0.1055,0.06494
HS2B,513,L,M,0.0406,0.1055,0.06494
HS2B,514,S,C,0.06702,0.3165,0.09314
HS2B,514,S,F,0.04694,0.3165,0.09314
HS2B,514,S,K,0.09314,0.3165,0.09314
HS2B,514,S,L,0.04535,0.3165,0.09314
HS2B,514,S,Q,0.02518,0.3165,0.09314
HS2B,514,S,W,0.03886,0.3165,0.09314
HS2B,515,F,L,0.03641,0.07993,0.04352
HS2B,515,F,Y,0.04352,0.07993,0.04352
HS2B,517,L,C,0.05022,0.2837,0.07537
HS2B,517,L,Q,0.02378,0.2837,0.07537
HS2B,517,L,S,0.07537,0.2837,0.07537
HS2B,517,L,V,0.03988,0.2837,0.07537
HS2B,517,L,W,0.04755,0.2837,0.07537
HS2B,517,L,Y,0.04692,0.2837,0.07537
HS2B,518,L,C,0.09181,0.3872,0.09181
HS2B,518,L,D,0.06488,0.3872,0.09181
HS2B,518,L,F,0.03881,0.3872,0.09181
HS2B,518,L,G,0.06585,0.3872,0.09181
HS2B,518,L,M,0.02851,0.3872,0.09181
HS2B,518,L,N,0.05988,0.3872,0.09181
HS2B,518,L,V,0.03744,0.3872,0.09181
HS2B,519,H,C,0.05219,0.271,0.05926
HS2B,519,H,G,0.05926,0.271,0.05926
HS2B,519,H,R,0.04621,0.271,0.05926
HS2B,519,H,T,0.05464,0.271,0.05926
HS2B,519,H,W,0.05874,0.271,0.05926
HS2B,520,A,C,0.106,0.3401,0.106
HS2B,520,A,G,0.05309,0.3401,0.106
HS2B,520,A,H,0.03811,0.3401,0.106
HS2B,520,A,W,0.08197,0.3401,0.106
HS2B,520,A,Y,0.06094,0.3401,0.106
HS2B,521,P,D,0.07355,0.1295,0.07355
HS2B,521,P,I,0.02649,0.1295,0.07355
HS2B,521,P,V,0.02944,0.1295,0.07355
HS2B,522,A,C,0.07652,0.2054,0.07652
HS2B,522,A,D,0.06835,0.2054,0.07652
HS2B,522,A,L,0.06052,0.2054,0.07652
HS2B,523,T,E,0.06904,0.2189,0.06904
HS2B,523,T,M,0.04156,0.2189,0.06904
HS2B,523,T,N,0.04284,0.2189,0.06904
HS2B,523,T,R,0.06544,0.2189,0.06904
HS2B,524,V,C,0.07907,0.48,0.08843
HS2B,524,V,D,0.05742,0.48,0.08843
HS2B,524,V,F,0.05578,0.48,0.08843
HS2B,524,V,I,0.06542,0.48,0.08843
HS2B,524,V,N,0.07052,0.48,0.08843
HS2B,524,V,R,0.08843,0.48,0.08843
HS2B,524,V,S,0.0634,0.48,0.08843
HS2B,526,G,H,0.04658,0.1111,0.06451
HS2B,526,G,W,0.06451,0.1111,0.06451
HS2B,527,P,H,0.01811,0.07269,0.03333
HS2B,527,P,K,0.02125,0.07269,0.03333
HS2B,527,P,R,0.03333,0.07269,0.03333
HS2B,528,K,C,0.0504,0.1534,0.0504
HS2B,528,K,E,0.04165,0.1534,0.0504
HS2B,528,K,V,0.03023,0.1534,0.0504
HS2B,528,K,Y,0.03113,0.1534,0.0504
HS2B,530,S,F,0.03253,0.04828,0.03253
HS2B,530,S,N,0.01575,0.04828,0.03253
HS2B,531,T,G,0.03629,0.1703,0.05476
HS2B,531,T,I,0.05476,0.1703,0.05476
HS2B,531,T,V,0.04095,0.1703,0.05476
HS2B,531,T,W,0.03829,0.1703,0.05476
Mosaic-8b,331,N,K,0.006757,0.03584,0.009783
Mosaic-8b,331,N,L,0.007694,0.03584,0.009783
Mosaic-8b,331,N,R,0.009783,0.03584,0.009783
Mosaic-8b,331,N,T,0.005145,0.03584,0.009783
Mosaic-8b,331,N,V,0.004691,0.03584,0.009783
Mosaic-8b,331,N,Y,0.001774,0.03584,0.009783
Mosaic-8b,332,I,E,0.008046,0.02508,0.008298
Mosaic-8b,332,I,H,0.004749,0.02508,0.008298
Mosaic-8b,332,I,S,0.003992,0.02508,0.008298
Mosaic-8b,332,I,W,0.008298,0.02508,0.008298
Mosaic-8b,333,T,A,0.004474,0.05249,0.01067
Mosaic-8b,333,T,C,0.005725,0.05249,0.01067
Mosaic-8b,333,T,D,0.003117,0.05249,0.01067
Mosaic-8b,333,T,E,0.003092,0.05249,0.01067
Mosaic-8b,333,T,F,0.002726,0.05249,0.01067
Mosaic-8b,333,T,L,0.008706,0.05249,0.01067
Mosaic-8b,333,T,M,0.005599,0.05249,0.01067
Mosaic-8b,333,T,S,0.00838,0.05249,0.01067
Mosaic-8b,333,T,Y,0.01067,0.05249,0.01067
Mosaic-8b,334,N,R,0.01855,0.04139,0.01855
Mosaic-8b,334,N,S,0.01431,0.04139,0.01855
Mosaic-8b,334,N,T,0.00427,0.04139,0.01855
Mosaic-8b,334,N,V,0.004254,0.04139,0.01855
Mosaic-8b,335,L,C,0.005596,0.05067,0.01007
Mosaic-8b,335,L,D,0.01007,0.05067,0.01007
Mosaic-8b,335,L,E,0.004089,0.05067,0.01007
Mosaic-8b,335,L,K,0.009963,0.05067,0.01007
Mosaic-8b,335,L,N,0.007737,0.05067,0.01007
Mosaic-8b,335,L,P,0.005692,0.05067,0.01007
Mosaic-8b,335,L,T,0.0006991,0.05067,0.01007
Mosaic-8b,335,L,Y,0.006829,0.05067,0.01007
Mosaic-8b,337,P,A,0.005516,0.1312,0.02678
Mosaic-8b,337,P,C,0.007262,0.1312,0.02678
Mosaic-8b,337,P,H,0.02678,0.1312,0.02678
Mosaic-8b,337,P,K,0.01322,0.1312,0.02678
Mosaic-8b,337,P,Q,0.0177,0.1312,0.02678
Mosaic-8b,337,P,S,0.01581,0.1312,0.02678
Mosaic-8b,337,P,T,0.02417,0.1312,0.02678
Mosaic-8b,337,P,Y,0.02073,0.1312,0.02678
Mosaic-8b,339,G,C,0.01812,0.03486,0.01812
Mosaic-8b,339,G,E,0.007356,0.03486,0.01812
Mosaic-8b,339,G,V,0.009382,0.03486,0.01812
Mosaic-8b,340,E,A,0.01418,0.06485,0.02638
Mosaic-8b,340,E,I,0.008182,0.06485,0.02638
Mosaic-8b,340,E,L,0.002367,0.06485,0.02638
Mosaic-8b,340,E,N,0.002892,0.06485,0.02638
Mosaic-8b,340,E,P,0.01084,0.06485,0.02638
Mosaic-8b,340,E,V,0.02638,0.06485,0.02638
Mosaic-8b,344,A,S,0.002682,0.002682,0.002682
Mosaic-8b,345,T,E,0.01177,0.06062,0.01789
Mosaic-8b,345,T,P,0.01789,0.06062,0.01789
Mosaic-8b,345,T,R,0.01751,0.06062,0.01789
Mosaic-8b,345,T,S,0.01345,0.06062,0.01789
Mosaic-8b,346,R,F,0.00517,0.05511,0.01749
Mosaic-8b,346,R,G,0.004696,0.05511,0.01749
Mosaic-8b,346,R,L,0.01688,0.05511,0.01749
Mosaic-8b,346,R,M,0.003038,0.05511,0.01749
Mosaic-8b,346,R,Q,0.004277,0.05511,0.01749
Mosaic-8b,346,R,S,0.003553,0.05511,0.01749
Mosaic-8b,346,R,W,0.01749,0.05511,0.01749
Mosaic-8b,347,F,W,0.006963,0.006963,0.006963
Mosaic-8b,348,A,D,0.01069,0.04707,0.02273
Mosaic-8b,348,A,F,0.02273,0.04707,0.02273
Mosaic-8b,348,A,N,0.01365,0.04707,0.02273
Mosaic-8b,349,S,N,0.00699,0.01143,0.00699
Mosaic-8b,349,S,P,0.004443,0.01143,0.00699
Mosaic-8b,351,Y,H,0.02636,0.04401,0.02636
Mosaic-8b,351,Y,W,0.01764,0.04401,0.02636
Mosaic-8b,352,A,C,0.01116,0.03936,0.01934
Mosaic-8b,352,A,E,0.01934,0.03936,0.01934
Mosaic-8b,352,A,S,0.008861,0.03936,0.01934
Mosaic-8b,354,N,A,0.007184,0.0458,0.009957
Mosaic-8b,354,N,C,0.009106,0.0458,0.009957
Mosaic-8b,354,N,G,0.00569,0.0458,0.009957
Mosaic-8b,354,N,Q,0.006747,0.0458,0.009957
Mosaic-8b,354,N,R,0.009957,0.0458,0.009957
Mosaic-8b,354,N,S,0.007116,0.0458,0.009957
Mosaic-8b,356,K,A,0.005907,0.06842,0.02156
Mosaic-8b,356,K,E,0.008695,0.06842,0.02156
Mosaic-8b,356,K,Q,0.01554,0.06842,0.02156
Mosaic-8b,356,K,R,0.008839,0.06842,0.02156
Mosaic-8b,356,K,S,0.007868,0.06842,0.02156
Mosaic-8b,356,K,T,0.02156,0.06842,0.02156
Mosaic-8b,357,R,D,0.03025,0.06293,0.03268
Mosaic-8b,357,R,N,0.03268,0.06293,0.03268
Mosaic-8b,358,I,W,0.02134,0.03213,0.02134
Mosaic-8b,358,I,Y,0.0108,0.03213,0.02134
Mosaic-8b,360,N,A,0.01686,0.09522,0.03342
Mosaic-8b,360,N,H,0.005671,0.09522,0.03342
Mosaic-8b,360,N,M,0.03342,0.09522,0.03342
Mosaic-8b,360,N,R,0.005176,0.09522,0.03342
Mosaic-8b,360,N,T,0.01837,0.09522,0.03342
Mosaic-8b,360,N,W,0.01573,0.09522,0.03342
Mosaic-8b,362,V,A,0.01269,0.1559,0.02952
Mosaic-8b,362,V,C,0.02952,0.1559,0.02952
Mosaic-8b,362,V,D,0.0165,0.1559,0.02952
Mosaic-8b,362,V,F,0.00358,0.1559,0.02952
Mosaic-8b,362,V,G,0.01485,0.1559,0.02952
Mosaic-8b,362,V,I,0.009,0.1559,0.02952
Mosaic-8b,362,V,L,0.008098,0.1559,0.02952
Mosaic-8b,362,V,R,0.008493,0.1559,0.02952
Mosaic-8b,362,V,S,0.02749,0.1559,0.02952
Mosaic-8b,362,V,T,0.01602,0.1559,0.02952
Mosaic-8b,362,V,W,0.009707,0.1559,0.02952
Mosaic-8b,363,A,L,0.01813,0.01813,0.01813
Mosaic-8b,364,D,E,0.009464,0.009464,0.009464
Mosaic-8b,365,Y,I,0.03461,0.03715,0.03461
Mosaic-8b,365,Y,W,0.002545,0.03715,0.03461
Mosaic-8b,366,S,D,0.004231,0.04361,0.01162
Mosaic-8b,366,S,E,0.006718,0.04361,0.01162
Mosaic-8b,366,S,H,0.01162,0.04361,0.01162
Mosaic-8b,366,S,Q,0.007701,0.04361,0.01162
Mosaic-8b,366,S,T,0.005738,0.04361,0.01162
Mosaic-8b,366,S,W,0.007609,0.04361,0.01162
Mosaic-8b,367,V,D,0.008588,0.04716,0.01281
Mosaic-8b,367,V,I,0.007202,0.04716,0.01281
Mosaic-8b,367,V,K,0.01281,0.04716,0.01281
Mosaic-8b,367,V,M,0.009211,0.04716,0.01281
Mosaic-8b,367,V,Q,0.009346,0.04716,0.01281
Mosaic-8b,368,L,M,0.008514,0.008514,0.008514
Mosaic-8b,369,Y,H,0.008913,0.103,0.03879
Mosaic-8b,369,Y,I,0.002786,0.103,0.03879
Mosaic-8b,369,Y,K,0.03879,0.103,0.03879
Mosaic-8b,369,Y,L,0.006629,0.103,0.03879
Mosaic-8b,369,Y,M,0.005914,0.103,0.03879
Mosaic-8b,369,Y,P,0.01111,0.103,0.03879
Mosaic-8b,369,Y,R,0.01816,0.103,0.03879
Mosaic-8b,369,Y,T,0.002828,0.103,0.03879
Mosaic-8b,369,Y,V,0.00788,0.103,0.03879
Mosaic-8b,370,N,G,0.01121,0.03765,0.01384
Mosaic-8b,370,N,L,0.01384,0.03765,0.01384
Mosaic-8b,370,N,Y,0.0126,0.03765,0.01384
Mosaic-8b,371,S,E,0.002273,0.04812,0.01767
Mosaic-8b,371,S,F,0.01767,0.04812,0.01767
Mosaic-8b,371,S,I,0.01475,0.04812,0.01767
Mosaic-8b,371,S,R,0.007392,0.04812,0.01767
Mosaic-8b,371,S,T,0.006027,0.04812,0.01767
Mosaic-8b,372,A,I,0.006166,0.05354,0.01543
Mosaic-8b,372,A,L,0.007988,0.05354,0.01543
Mosaic-8b,372,A,M,0.006921,0.05354,0.01543
Mosaic-8b,372,A,P,0.004488,0.05354,0.01543
Mosaic-8b,372,A,R,0.01543,0.05354,0.01543
Mosaic-8b,372,A,T,0.004802,0.05354,0.01543
Mosaic-8b,372,A,W,0.007747,0.05354,0.01543
Mosaic-8b,373,S,A,0.004179,0.03803,0.01097
Mosaic-8b,373,S,D,0.002695,0.03803,0.01097
Mosaic-8b,373,S,E,0.003856,0.03803,0.01097
Mosaic-8b,373,S,I,0.01097,0.03803,0.01097
Mosaic-8b,373,S,M,0.008223,0.03803,0.01097
Mosaic-8b,373,S,V,0.008111,0.03803,0.01097
Mosaic-8b,374,F,H,0.00358,0.05637,0.02974
Mosaic-8b,374,F,M,0.02974,0.05637,0.02974
Mosaic-8b,374,F,W,0.01044,0.05637,0.02974
Mosaic-8b,374,F,Y,0.0126,0.05637,0.02974
Mosaic-8b,375,S,E,0.002561,0.02033,0.007393
Mosaic-8b,375,S,G,0.004698,0.02033,0.007393
Mosaic-8b,375,S,N,0.007393,0.02033,0.007393
Mosaic-8b,375,S,T,0.005681,0.02033,0.007393
Mosaic-8b,376,T,C,0.009464,0.111,0.02674
Mosaic-8b,376,T,D,0.01256,0.111,0.02674
Mosaic-8b,376,T,N,0.006692,0.111,0.02674
Mosaic-8b,376,T,Q,0.01139,0.111,0.02674
Mosaic-8b,376,T,R,0.02674,0.111,0.02674
Mosaic-8b,376,T,S,0.01327,0.111,0.02674
Mosaic-8b,376,T,V,0.00321,0.111,0.02674
Mosaic-8b,376,T,W,0.01406,0.111,0.02674
Mosaic-8b,376,T,Y,0.01359,0.111,0.02674
Mosaic-8b,377,F,L,0.009337,0.02278,0.01345
Mosaic-8b,377,F,M,0.01345,0.02278,0.01345
Mosaic-8b,378,K,C,0.006492,0.05591,0.01277
Mosaic-8b,378,K,D,0.008793,0.05591,0.01277
Mosaic-8b,378,K,I,0.01012,0.05591,0.01277
Mosaic-8b,378,K,M,0.01277,0.05591,0.01277
Mosaic-8b,378,K,Q,0.00674,0.05591,0.01277
Mosaic-8b,378,K,T,0.011,0.05591,0.01277
Mosaic-8b,380,Y,F,0.001166,0.01383,0.01266
Mosaic-8b,380,Y,W,0.01266,0.01383,0.01266
Mosaic-8b,381,G,K,0.03966,0.06111,0.03966
Mosaic-8b,381,G,Q,0.02145,0.06111,0.03966
Mosaic-8b,382,V,C,0.01214,0.06158,0.02007
Mosaic-8b,382,V,F,0.008413,0.06158,0.02007
Mosaic-8b,382,V,L,0.004437,0.06158,0.02007
Mosaic-8b,382,V,W,0.02007,0.06158,0.02007
Mosaic-8b,382,V,Y,0.01652,0.06158,0.02007
Mosaic-8b,383,S,A,0.008914,0.1422,0.04401
Mosaic-8b,383,S,D,0.03076,0.1422,0.04401
Mosaic-8b,383,S,G,0.01577,0.1422,0.04401
Mosaic-8b,383,S,L,0.01422,0.1422,0.04401
Mosaic-8b,383,S,N,0.01306,0.1422,0.04401
Mosaic-8b,383,S,Q,0.01548,0.1422,0.04401
Mosaic-8b,383,S,Y,0.04401,0.1422,0.04401
Mosaic-8b,384,P,A,0.00414,0.08974,0.02179
Mosaic-8b,384,P,F,0.008075,0.08974,0.02179
Mosaic-8b,384,P,K,0.02179,0.08974,0.02179
Mosaic-8b,384,P,Q,0.01935,0.08974,0.02179
Mosaic-8b,384,P,S,0.01207,0.08974,0.02179
Mosaic-8b,384,P,T,0.009232,0.08974,0.02179
Mosaic-8b,384,P,W,0.01508,0.08974,0.02179
Mosaic-8b,385,T,E,0.01261,0.1362,0.03194
Mosaic-8b,385,T,I,0.007495,0.1362,0.03194
Mosaic-8b,385,T,L,0.006134,0.1362,0.03194
Mosaic-8b,385,T,P,0.02369,0.1362,0.03194
Mosaic-8b,385,T,R,0.03194,0.1362,0.03194
Mosaic-8b,385,T,S,0.007064,0.1362,0.03194
Mosaic-8b,385,T,W,0.02835,0.1362,0.03194
Mosaic-8b,385,T,Y,0.01894,0.1362,0.03194
Mosaic-8b,386,K,N,0.02206,0.08694,0.02206
Mosaic-8b,386,K,R,0.01627,0.08694,0.02206
Mosaic-8b,386,K,T,0.0216,0.08694,0.02206
Mosaic-8b,386,K,V,0.008954,0.08694,0.02206
Mosaic-8b,386,K,Y,0.01805,0.08694,0.02206
Mosaic-8b,387,L,W,0.02337,0.02337,0.02337
Mosaic-8b,388,N,C,0.00917,0.05485,0.02175
Mosaic-8b,388,N,E,0.007136,0.05485,0.02175
Mosaic-8b,388,N,H,0.004129,0.05485,0.02175
Mosaic-8b,388,N,I,0.007357,0.05485,0.02175
Mosaic-8b,388,N,L,0.02175,0.05485,0.02175
Mosaic-8b,388,N,Q,0.005311,0.05485,0.02175
Mosaic-8b,389,D,E,0.001809,0.05576,0.0281
Mosaic-8b,389,D,G,0.007723,0.05576,0.0281
Mosaic-8b,389,D,H,0.01129,0.05576,0.0281
Mosaic-8b,389,D,S,0.006841,0.05576,0.0281
Mosaic-8b,389,D,W,0.0281,0.05576,0.0281
Mosaic-8b,390,L,C,0.008161,0.133,0.02706
Mosaic-8b,390,L,D,0.0211,0.133,0.02706
Mosaic-8b,390,L,E,0.02627,0.133,0.02706
Mosaic-8b,390,L,H,0.00916,0.133,0.02706
Mosaic-8b,390,L,K,0.01083,0.133,0.02706
Mosaic-8b,390,L,M,0.006051,0.133,0.02706
Mosaic-8b,390,L,R,0.02435,0.133,0.02706
Mosaic-8b,390,L,T,0.02706,0.133,0.02706
Mosaic-8b,392,F,L,0.007284,0.04149,0.01639
Mosaic-8b,392,F,Q,0.01639,0.04149,0.01639
Mosaic-8b,392,F,S,0.006826,0.04149,0.01639
Mosaic-8b,392,F,T,0.01099,0.04149,0.01639
Mosaic-8b,393,T,C,0.01717,0.07454,0.02341
Mosaic-8b,393,T,D,0.02341,0.07454,0.02341
Mosaic-8b,393,T,G,0.01086,0.07454,0.02341
Mosaic-8b,393,T,H,0.01022,0.07454,0.02341
Mosaic-8b,393,T,L,0.01288,0.07454,0.02341
Mosaic-8b,394,N,A,0.0157,0.07507,0.041
Mosaic-8b,394,N,H,0.008785,0.07507,0.041
Mosaic-8b,394,N,P,0.041,0.07507,0.041
Mosaic-8b,394,N,T,0.009581,0.07507,0.041
Mosaic-8b,395,V,I,0.006149,0.01431,0.008159
Mosaic-8b,395,V,L,0.008159,0.01431,0.008159
Mosaic-8b,396,Y,H,0.01141,0.03571,0.01897
Mosaic-8b,396,Y,I,0.01897,0.03571,0.01897
Mosaic-8b,396,Y,W,0.005338,0.03571,0.01897
Mosaic-8b,402,I,C,0.006746,0.01601,0.006746
Mosaic-8b,402,I,L,0.004542,0.01601,0.006746
Mosaic-8b,402,I,V,0.004728,0.01601,0.006746
Mosaic-8b,403,R,M,0.01036,0.01036,0.01036
Mosaic-8b,405,D,C,0.04855,0.3407,0.1129
Mosaic-8b,405,D,E,0.01167,0.3407,0.1129
Mosaic-8b,405,D,G,0.04138,0.3407,0.1129
Mosaic-8b,405,D,I,0.0364,0.3407,0.1129
Mosaic-8b,405,D,L,0.02872,0.3407,0.1129
Mosaic-8b,405,D,N,0.03593,0.3407,0.1129
Mosaic-8b,405,D,R,0.1129,0.3407,0.1129
Mosaic-8b,405,D,V,0.02521,0.3407,0.1129
Mosaic-8b,406,E,D,0.008957,0.07404,0.04729
Mosaic-8b,406,E,Q,0.01779,0.07404,0.04729
Mosaic-8b,406,E,W,0.04729,0.07404,0.04729
Mosaic-8b,407,V,M,0.003916,0.003916,0.003916
Mosaic-8b,408,R,C,0.006334,0.04026,0.01014
Mosaic-8b,408,R,E,0.002857,0.04026,0.01014
Mosaic-8b,408,R,G,0.001592,0.04026,0.01014
Mosaic-8b,408,R,K,0.001366,0.04026,0.01014
Mosaic-8b,408,R,L,0.01014,0.04026,0.01014
Mosaic-8b,408,R,Q,0.003376,0.04026,0.01014
Mosaic-8b,408,R,S,0.006453,0.04026,0.01014
Mosaic-8b,408,R,Y,0.008144,0.04026,0.01014
Mosaic-8b,411,A,E,0.003424,0.01382,0.008626
Mosaic-8b,411,A,G,0.008626,0.01382,0.008626
Mosaic-8b,411,A,Q,0.001774,0.01382,0.008626
Mosaic-8b,413,G,C,0.008881,0.05329,0.01669
Mosaic-8b,413,G,D,0.00603,0.05329,0.01669
Mosaic-8b,413,G,F,0.001959,0.05329,0.01669
Mosaic-8b,413,G,H,0.01669,0.05329,0.01669
Mosaic-8b,413,G,M,0.005877,0.05329,0.01669
Mosaic-8b,413,G,Q,0.005781,0.05329,0.01669
Mosaic-8b,413,G,T,0.008073,0.05329,0.01669
Mosaic-8b,414,Q,C,0.003628,0.04043,0.01527
Mosaic-8b,414,Q,K,0.01527,0.04043,0.01527
Mosaic-8b,414,Q,S,0.01211,0.04043,0.01527
Mosaic-8b,414,Q,V,0.009427,0.04043,0.01527
Mosaic-8b,415,T,A,0.004996,0.04123,0.00938
Mosaic-8b,415,T,C,0.005978,0.04123,0.00938
Mosaic-8b,415,T,D,0.001911,0.04123,0.00938
Mosaic-8b,415,T,R,0.006138,0.04123,0.00938
Mosaic-8b,415,T,V,0.00831,0.04123,0.00938
Mosaic-8b,415,T,W,0.004513,0.04123,0.00938
Mosaic-8b,415,T,Y,0.00938,0.04123,0.00938
Mosaic-8b,417,N,D,0.002227,0.04123,0.01061
Mosaic-8b,417,N,E,0.003324,0.04123,0.01061
Mosaic-8b,417,N,F,0.007304,0.04123,0.01061
Mosaic-8b,417,N,G,0.01061,0.04123,0.01061
Mosaic-8b,417,N,Q,0.009043,0.04123,0.01061
Mosaic-8b,417,N,R,0.008719,0.04123,0.01061
Mosaic-8b,418,I,V,0.007295,0.007295,0.007295
Mosaic-8b,419,A,P,0.005645,0.005645,0.005645
Mosaic-8b,421,Y,M,0.005525,0.0176,0.01208
Mosaic-8b,421,Y,W,0.01208,0.0176,0.01208
Mosaic-8b,427,D,A,0.007779,0.05118,0.01667
Mosaic-8b,427,D,N,0.01412,0.05118,0.01667
Mosaic-8b,427,D,Q,0.01261,0.05118,0.01667
Mosaic-8b,427,D,W,0.01667,0.05118,0.01667
Mosaic-8b,428,D,C,0.02469,0.244,0.03612
Mosaic-8b,428,D,E,0.01676,0.244,0.03612
Mosaic-8b,428,D,G,0.009588,0.244,0.03612
Mosaic-8b,428,D,H,0.0169,0.244,0.03612
Mosaic-8b,428,D,K,0.02624,0.244,0.03612
Mosaic-8b,428,D,M,0.01785,0.244,0.03612
Mosaic-8b,428,D,N,0.03175,0.244,0.03612
Mosaic-8b,428,D,Q,0.01472,0.244,0.03612
Mosaic-8b,428,D,R,0.03612,0.244,0.03612
Mosaic-8b,428,D,S,0.01018,0.244,0.03612
Mosaic-8b,428,D,W,0.03381,0.244,0.03612
Mosaic-8b,428,D,Y,0.005352,0.244,0.03612
Mosaic-8b,430,T,A,0.01058,0.04235,0.01058
Mosaic-8b,430,T,C,0.006399,0.04235,0.01058
Mosaic-8b,430,T,L,0.007215,0.04235,0.01058
Mosaic-8b,430,T,Q,0.003928,0.04235,0.01058
Mosaic-8b,430,T,V,0.007801,0.04235,0.01058
Mosaic-8b,430,T,Y,0.006425,0.04235,0.01058
Mosaic-8b,434,I,C,0.01008,0.02486,0.01478
Mosaic-8b,434,I,W,0.01478,0.02486,0.01478
Mosaic-8b,438,S,T,0.002597,0.002597,0.002597
Mosaic-8b,439,N,C,0.005144,0.005144,0.005144
Mosaic-8b,440,N,A,0.006178,0.07387,0.01434
Mosaic-8b,440,N,D,0.005961,0.07387,0.01434
Mosaic-8b,440,N,G,0.006212,0.07387,0.01434
Mosaic-8b,440,N,H,0.009932,0.07387,0.01434
Mosaic-8b,440,N,L,0.008013,0.07387,0.01434
Mosaic-8b,440,N,M,0.006311,0.07387,0.01434
Mosaic-8b,440,N,Q,0.01434,0.07387,0.01434
Mosaic-8b,440,N,T,0.007151,0.07387,0.01434
Mosaic-8b,440,N,V,0.00977,0.07387,0.01434
Mosaic-8b,441,L,N,0.008213,0.02238,0.01232
Mosaic-8b,441,L,S,0.01232,0.02238,0.01232
Mosaic-8b,441,L,T,0.001847,0.02238,0.01232
Mosaic-8b,443,S,A,0.003306,0.0183,0.007733
Mosaic-8b,443,S,C,0.007257,0.0183,0.007733
Mosaic-8b,443,S,G,0.007733,0.0183,0.007733
Mosaic-8b,444,K,C,0.009243,0.02014,0.009243
Mosaic-8b,444,K,H,0.001688,0.02014,0.009243
Mosaic-8b,444,K,I,0.003685,0.02014,0.009243
Mosaic-8b,444,K,S,0.005525,0.02014,0.009243
Mosaic-8b,445,V,M,0.006721,0.03099,0.01152
Mosaic-8b,445,V,T,0.006497,0.03099,0.01152
Mosaic-8b,445,V,W,0.006255,0.03099,0.01152
Mosaic-8b,445,V,Y,0.01152,0.03099,0.01152
Mosaic-8b,446,G,D,0.0003022,0.05474,0.01753
Mosaic-8b,446,G,M,0.01697,0.05474,0.01753
Mosaic-8b,446,G,N,0.002205,0.05474,0.01753
Mosaic-8b,446,G,P,0.01058,0.05474,0.01753
Mosaic-8b,446,G,R,0.01753,0.05474,0.01753
Mosaic-8b,446,G,T,0.007145,0.05474,0.01753
Mosaic-8b,447,G,D,0.00749,0.01972,0.00749
Mosaic-8b,447,G,M,0.004686,0.01972,0.00749
Mosaic-8b,447,G,Q,0.003622,0.01972,0.00749
Mosaic-8b,447,G,V,0.003919,0.01972,0.00749
Mosaic-8b,448,N,A,0.011,0.04864,0.02583
Mosaic-8b,448,N,D,0.01038,0.04864,0.02583
Mosaic-8b,448,N,K,0.02583,0.04864,0.02583
Mosaic-8b,448,N,Q,0.001427,0.04864,0.02583
Mosaic-8b,449,Y,A,0.001357,0.01503,0.007707
Mosaic-8b,449,Y,F,0.00401,0.01503,0.007707
Mosaic-8b,449,Y,N,0.007707,0.01503,0.007707
Mosaic-8b,449,Y,V,0.001956,0.01503,0.007707
Mosaic-8b,450,N,A,0.004951,0.03246,0.01755
Mosaic-8b,450,N,E,0.009951,0.03246,0.01755
Mosaic-8b,450,N,S,0.01755,0.03246,0.01755
Mosaic-8b,451,Y,F,0.005059,0.01016,0.005102
Mosaic-8b,451,Y,L,0.005102,0.01016,0.005102
Mosaic-8b,452,L,C,0.002765,0.06783,0.02119
Mosaic-8b,452,L,F,0.0192,0.06783,0.02119
Mosaic-8b,452,L,H,0.008049,0.06783,0.02119
Mosaic-8b,452,L,I,0.007162,0.06783,0.02119
Mosaic-8b,452,L,M,0.009472,0.06783,0.02119
Mosaic-8b,452,L,Y,0.02119,0.06783,0.02119
Mosaic-8b,453,Y,K,0.01046,0.01301,0.01046
Mosaic-8b,453,Y,W,0.002553,0.01301,0.01046
Mosaic-8b,455,L,C,0.008717,0.0735,0.01706
Mosaic-8b,455,L,G,0.01508,0.0735,0.01706
Mosaic-8b,455,L,H,0.01099,0.0735,0.01706
Mosaic-8b,455,L,P,0.008536,0.0735,0.01706
Mosaic-8b,455,L,Q,0.00609,0.0735,0.01706
Mosaic-8b,455,L,R,0.01706,0.0735,0.01706
Mosaic-8b,455,L,W,0.007028,0.0735,0.01706
Mosaic-8b,456,F,C,0.01936,0.05237,0.01936
Mosaic-8b,456,F,K,0.01014,0.05237,0.01936
Mosaic-8b,456,F,N,0.008527,0.05237,0.01936
Mosaic-8b,456,F,S,0.008655,0.05237,0.01936
Mosaic-8b,456,F,V,0.005688,0.05237,0.01936
Mosaic-8b,458,K,F,0.006917,0.01992,0.006917
Mosaic-8b,458,K,L,0.003897,0.01992,0.006917
Mosaic-8b,458,K,Q,0.005631,0.01992,0.006917
Mosaic-8b,458,K,W,0.003477,0.01992,0.006917
Mosaic-8b,460,N,E,0.008135,0.03379,0.009028
Mosaic-8b,460,N,F,0.001731,0.03379,0.009028
Mosaic-8b,460,N,G,0.008326,0.03379,0.009028
Mosaic-8b,460,N,L,0.003117,0.03379,0.009028
Mosaic-8b,460,N,M,0.003455,0.03379,0.009028
Mosaic-8b,460,N,S,0.009028,0.03379,0.009028
Mosaic-8b,461,L,I,0.004569,0.004569,0.004569
Mosaic-8b,462,K,F,0.009748,0.07004,0.01852
Mosaic-8b,462,K,G,0.0104,0.07004,0.01852
Mosaic-8b,462,K,I,0.006906,0.07004,0.01852
Mosaic-8b,462,K,L,0.006857,0.07004,0.01852
Mosaic-8b,462,K,N,0.01852,0.07004,0.01852
Mosaic-8b,462,K,T,0.01762,0.07004,0.01852
Mosaic-8b,464,F,H,0.01109,0.0509,0.01865
Mosaic-8b,464,F,L,0.009244,0.0509,0.01865
Mosaic-8b,464,F,M,0.006648,0.0509,0.01865
Mosaic-8b,464,F,N,0.01865,0.0509,0.01865
Mosaic-8b,464,F,Y,0.005273,0.0509,0.01865
Mosaic-8b,465,E,A,0.01429,0.01429,0.01429
Mosaic-8b,466,R,K,0.01845,0.01845,0.01845
Mosaic-8b,468,I,A,0.008765,0.008765,0.008765
Mosaic-8b,469,S,D,0.01296,0.04073,0.0174
Mosaic-8b,469,S,Q,0.0174,0.04073,0.0174
Mosaic-8b,469,S,T,0.01038,0.04073,0.0174
Mosaic-8b,470,T,C,0.003044,0.06086,0.01671
Mosaic-8b,470,T,F,0.01671,0.06086,0.01671
Mosaic-8b,470,T,K,0.01568,0.06086,0.01671
Mosaic-8b,470,T,Q,0.00509,0.06086,0.01671
Mosaic-8b,470,T,S,0.003381,0.06086,0.01671
Mosaic-8b,470,T,W,0.007441,0.06086,0.01671
Mosaic-8b,470,T,Y,0.009511,0.06086,0.01671
Mosaic-8b,471,E,A,0.004703,0.02689,0.01394
Mosaic-8b,471,E,D,0.006001,0.02689,0.01394
Mosaic-8b,471,E,G,0.002243,0.02689,0.01394
Mosaic-8b,471,E,I,0.01394,0.02689,0.01394
Mosaic-8b,472,I,D,0.01643,0.08292,0.03832
Mosaic-8b,472,I,H,0.009091,0.08292,0.03832
Mosaic-8b,472,I,N,0.01148,0.08292,0.03832
Mosaic-8b,472,I,Q,0.007598,0.08292,0.03832
Mosaic-8b,472,I,W,0.03832,0.08292,0.03832
Mosaic-8b,473,Y,C,0.009279,0.04178,0.01268
Mosaic-8b,473,Y,F,0.00316,0.04178,0.01268
Mosaic-8b,473,Y,H,0.00574,0.04178,0.01268
Mosaic-8b,473,Y,I,0.009055,0.04178,0.01268
Mosaic-8b,473,Y,T,0.01268,0.04178,0.01268
Mosaic-8b,473,Y,V,0.001862,0.04178,0.01268
Mosaic-8b,474,Q,A,0.0133,0.07598,0.02268
Mosaic-8b,474,Q,C,0.02268,0.07598,0.02268
Mosaic-8b,474,Q,E,0.007746,0.07598,0.02268
Mosaic-8b,474,Q,N,0.004887,0.07598,0.02268
Mosaic-8b,474,Q,P,0.009476,0.07598,0.02268
Mosaic-8b,474,Q,R,0.004331,0.07598,0.02268
Mosaic-8b,474,Q,T,0.01356,0.07598,0.02268
Mosaic-8b,475,A,C,0.0143,0.0633,0.01811
Mosaic-8b,475,A,K,0.01214,0.0633,0.01811
Mosaic-8b,475,A,R,0.01811,0.0633,0.01811
Mosaic-8b,475,A,S,0.003847,0.0633,0.01811
Mosaic-8b,475,A,Y,0.0149,0.0633,0.01811
Mosaic-8b,476,G,A,0.007181,0.01707,0.007181
Mosaic-8b,476,G,E,0.005697,0.01707,0.007181
Mosaic-8b,476,G,Q,0.004194,0.01707,0.007181
Mosaic-8b,477,S,C,0.004449,0.09423,0.04277
Mosaic-8b,477,S,F,0.01113,0.09423,0.04277
Mosaic-8b,477,S,L,0.008531,0.09423,0.04277
Mosaic-8b,477,S,N,0.004672,0.09423,0.04277
Mosaic-8b,477,S,R,0.04277,0.09423,0.04277
Mosaic-8b,477,S,V,0.004581,0.09423,0.04277
Mosaic-8b,477,S,Y,0.0181,0.09423,0.04277
Mosaic-8b,478,T,G,0.006981,0.06174,0.03156
Mosaic-8b,478,T,L,0.01775,0.06174,0.03156
Mosaic-8b,478,T,V,0.005456,0.06174,0.03156
Mosaic-8b,478,T,W,0.03156,0.06174,0.03156
Mosaic-8b,479,P,C,0.009161,0.07358,0.01816
Mosaic-8b,479,P,G,0.01816,0.07358,0.01816
Mosaic-8b,479,P,H,0.01168,0.07358,0.01816
Mosaic-8b,479,P,L,0.01063,0.07358,0.01816
Mosaic-8b,479,P,Q,0.0116,0.07358,0.01816
Mosaic-8b,479,P,Y,0.01234,0.07358,0.01816
Mosaic-8b,481,N,A,0.002951,0.09373,0.0266
Mosaic-8b,481,N,D,0.0103,0.09373,0.0266
Mosaic-8b,481,N,E,0.002033,0.09373,0.0266
Mosaic-8b,481,N,F,0.006131,0.09373,0.0266
Mosaic-8b,481,N,I,0.01115,0.09373,0.0266
Mosaic-8b,481,N,P,0.0266,0.09373,0.0266
Mosaic-8b,481,N,Q,0.002511,0.09373,0.0266
Mosaic-8b,481,N,S,0.01777,0.09373,0.0266
Mosaic-8b,481,N,T,0.0072,0.09373,0.0266
Mosaic-8b,481,N,Y,0.007076,0.09373,0.0266
Mosaic-8b,482,G,D,0.008795,0.08235,0.01815
Mosaic-8b,482,G,H,0.007768,0.08235,0.01815
Mosaic-8b,482,G,I,0.01604,0.08235,0.01815
Mosaic-8b,482,G,K,0.009004,0.08235,0.01815
Mosaic-8b,482,G,L,0.01217,0.08235,0.01815
Mosaic-8b,482,G,M,0.007637,0.08235,0.01815
Mosaic-8b,482,G,N,0.002789,0.08235,0.01815
Mosaic-8b,482,G,R,0.01815,0.08235,0.01815
Mosaic-8b,484,K,A,0.00853,0.06992,0.02024
Mosaic-8b,484,K,C,0.005613,0.06992,0.02024
Mosaic-8b,484,K,G,0.01612,0.06992,0.02024
Mosaic-8b,484,K,H,0.01943,0.06992,0.02024
Mosaic-8b,484,K,I,0.02024,0.06992,0.02024
Mosaic-8b,485,G,C,0.01694,0.139,0.04001
Mosaic-8b,485,G,D,0.005259,0.139,0.04001
Mosaic-8b,485,G,H,0.0374,0.139,0.04001
Mosaic-8b,485,G,N,0.01704,0.139,0.04001
Mosaic-8b,485,G,P,0.04001,0.139,0.04001
Mosaic-8b,485,G,S,0.01033,0.139,0.04001
Mosaic-8b,485,G,T,0.01199,0.139,0.04001
Mosaic-8b,486,F,A,0.01508,0.07349,0.02462
Mosaic-8b,486,F,L,0.008775,0.07349,0.02462
Mosaic-8b,486,F,R,0.02462,0.07349,0.02462
Mosaic-8b,486,F,V,0.007306,0.07349,0.02462
Mosaic-8b,486,F,Y,0.01771,0.07349,0.02462
Mosaic-8b,487,N,G,0.3165,0.3165,0.3165
Mosaic-8b,489,Y,W,0.01757,0.01757,0.01757
Mosaic-8b,490,F,C,0.00416,0.01544,0.006549
Mosaic-8b,490,F,D,0.006549,0.01544,0.006549
Mosaic-8b,490,F,H,0.004734,0.01544,0.006549
Mosaic-8b,492,L,F,0.002666,0.002666,0.002666
Mosaic-8b,493,Q,A,0.003652,0.02774,0.01026
Mosaic-8b,493,Q,C,0.005283,0.02774,0.01026
Mosaic-8b,493,Q,G,0.002673,0.02774,0.01026
Mosaic-8b,493,Q,H,0.005869,0.02774,0.01026
Mosaic-8b,493,Q,I,0.01026,0.02774,0.01026
Mosaic-8b,494,S,C,0.009759,0.01369,0.009759
Mosaic-8b,494,S,T,0.00393,0.01369,0.009759
Mosaic-8b,496,G,F,0.004444,0.06085,0.02507
Mosaic-8b,496,G,H,0.02507,0.06085,0.02507
Mosaic-8b,496,G,I,0.01281,0.06085,0.02507
Mosaic-8b,496,G,L,0.009351,0.06085,0.02507
Mosaic-8b,496,G,V,0.009178,0.06085,0.02507
Mosaic-8b,498,Q,E,0.003898,0.003898,0.003898
Mosaic-8b,499,P,G,0.007953,0.02375,0.008252
Mosaic-8b,499,P,H,0.008252,0.02375,0.008252
Mosaic-8b,499,P,N,0.002033,0.02375,0.008252
Mosaic-8b,499,P,Q,0.005511,0.02375,0.008252
Mosaic-8b,500,T,A,0.00553,0.01802,0.007435
Mosaic-8b,500,T,G,0.005054,0.01802,0.007435
Mosaic-8b,500,T,M,0.007435,0.01802,0.007435
Mosaic-8b,501,Y,F,0.01145,0.04661,0.01145
Mosaic-8b,501,Y,H,0.009109,0.04661,0.01145
Mosaic-8b,501,Y,I,0.004085,0.04661,0.01145
Mosaic-8b,501,Y,M,0.001521,0.04661,0.01145
Mosaic-8b,501,Y,N,0.001476,0.04661,0.01145
Mosaic-8b,501,Y,Q,0.003306,0.04661,0.01145
Mosaic-8b,501,Y,S,0.0008544,0.04661,0.01145
Mosaic-8b,501,Y,T,0.0006164,0.04661,0.01145
Mosaic-8b,501,Y,V,0.006287,0.04661,0.01145
Mosaic-8b,501,Y,W,0.007906,0.04661,0.01145
Mosaic-8b,503,V,E,0.006416,0.2605,0.2201
Mosaic-8b,503,V,H,0.01266,0.2605,0.2201
Mosaic-8b,503,V,I,0.006885,0.2605,0.2201
Mosaic-8b,503,V,L,0.0004003,0.2605,0.2201
Mosaic-8b,503,V,M,0.003696,0.2605,0.2201
Mosaic-8b,503,V,Q,0.005115,0.2605,0.2201
Mosaic-8b,503,V,R,0.2201,0.2605,0.2201
Mosaic-8b,503,V,S,0.005262,0.2605,0.2201
Mosaic-8b,504,G,C,0.003942,0.05508,0.04281
Mosaic-8b,504,G,I,0.002806,0.05508,0.04281
Mosaic-8b,504,G,K,0.04281,0.05508,0.04281
Mosaic-8b,504,G,S,0.005515,0.05508,0.04281
Mosaic-8b,505,Y,N,0.005471,0.02118,0.0157
Mosaic-8b,505,Y,W,0.0157,0.02118,0.0157
Mosaic-8b,507,P,A,0.008577,0.008577,0.008577
Mosaic-8b,510,V,I,0.004486,0.004486,0.004486
Mosaic-8b,513,L,F,0.008722,0.01368,0.008722
Mosaic-8b,513,L,M,0.004955,0.01368,0.008722
Mosaic-8b,514,S,C,0.02753,0.113,0.03669
Mosaic-8b,514,S,F,0.005858,0.113,0.03669
Mosaic-8b,514,S,K,0.03669,0.113,0.03669
Mosaic-8b,514,S,L,0.004783,0.113,0.03669
Mosaic-8b,514,S,Q,0.01561,0.113,0.03669
Mosaic-8b,514,S,W,0.02251,0.113,0.03669
Mosaic-8b,515,F,L,0.003694,0.0116,0.007908
Mosaic-8b,515,F,Y,0.007908,0.0116,0.007908
Mosaic-8b,517,L,C,0.004897,0.03963,0.01338
Mosaic-8b,517,L,Q,0.00439,0.03963,0.01338
Mosaic-8b,517,L,S,0.00269,0.03963,0.01338
Mosaic-8b,517,L,V,0.002669,0.03963,0.01338
Mosaic-8b,517,L,W,0.0116,0.03963,0.01338
Mosaic-8b,517,L,Y,0.01338,0.03963,0.01338
Mosaic-8b,518,L,C,0.02223,0.05829,0.02223
Mosaic-8b,518,L,D,0.005875,0.05829,0.02223
Mosaic-8b,518,L,F,0.002759,0.05829,0.02223
Mosaic-8b,518,L,G,0.0009736,0.05829,0.02223
Mosaic-8b,518,L,M,0.005476,0.05829,0.02223
Mosaic-8b,518,L,N,0.01226,0.05829,0.02223
Mosaic-8b,518,L,V,0.00872,0.05829,0.02223
Mosaic-8b,519,H,C,0.005679,0.02806,0.007271
Mosaic-8b,519,H,G,0.007107,0.02806,0.007271
Mosaic-8b,519,H,R,0.006108,0.02806,0.007271
Mosaic-8b,519,H,T,0.001896,0.02806,0.007271
Mosaic-8b,519,H,W,0.007271,0.02806,0.007271
Mosaic-8b,520,A,C,0.006277,0.03515,0.01134
Mosaic-8b,520,A,G,0.005213,0.03515,0.01134
Mosaic-8b,520,A,H,0.006539,0.03515,0.01134
Mosaic-8b,520,A,W,0.01134,0.03515,0.01134
Mosaic-8b,520,A,Y,0.005781,0.03515,0.01134
Mosaic-8b,521,P,D,0.001631,0.01154,0.005156
Mosaic-8b,521,P,I,0.005156,0.01154,0.005156
Mosaic-8b,521,P,V,0.004758,0.01154,0.005156
Mosaic-8b,522,A,C,0.005498,0.02784,0.0127
Mosaic-8b,522,A,D,0.0127,0.02784,0.0127
Mosaic-8b,522,A,L,0.009644,0.02784,0.0127
Mosaic-8b,523,T,E,0.006931,0.02847,0.01042
Mosaic-8b,523,T,M,0.006927,0.02847,0.01042
Mosaic-8b,523,T,N,0.004185,0.02847,0.01042
Mosaic-8b,523,T,R,0.01042,0.02847,0.01042
Mosaic-8b,524,V,C,0.0143,0.09296,0.0211
Mosaic-8b,524,V,D,0.01392,0.09296,0.0211
Mosaic-8b,524,V,F,0.01842,0.09296,0.0211
Mosaic-8b,524,V,I,0.004622,0.09296,0.0211
Mosaic-8b,524,V,N,0.01015,0.09296,0.0211
Mosaic-8b,524,V,R,0.0211,0.09296,0.0211
Mosaic-8b,524,V,S,0.01045,0.09296,0.0211
Mosaic-8b,526,G,H,0.009134,0.01864,0.009511
Mosaic-8b,526,G,W,0.009511,0.01864,0.009511
Mosaic-8b,527,P,H,0.0006852,0.01052,0.005164
Mosaic-8b,527,P,K,0.005164,0.01052,0.005164
Mosaic-8b,527,P,R,0.004668,0.01052,0.005164
Mosaic-8b,528,K,C,0.002144,0.01785,0.007062
Mosaic-8b,528,K,E,0.002713,0.01785,0.007062
Mosaic-8b,528,K,V,0.005932,0.01785,0.007062
Mosaic-8b,528,K,Y,0.007062,0.01785,0.007062
Mosaic-8b,530,S,F,0.01811,0.02519,0.01811
Mosaic-8b,530,S,N,0.007078,0.02519,0.01811
Mosaic-8b,531,T,G,0.01237,0.0293,0.01237
Mosaic-8b,531,T,I,0.003383,0.0293,0.01237
Mosaic-8b,531,T,V,0.005503,0.0293,0.01237
Mosaic-8b,531,T,W,0.008044,0.0293,0.01237
